lin_check,Genotype,rowgroup,colgroup,row,col,yield7,panicle_len7,thou_grain_wt7,grain_per_pan7,effective_tiller7,dis_march15,greenness_z65,greenness_z75,greenness_z85,LAUG_65_75,LAUG_75_85,plht,lar,ctd,chl_ind1_2,chl_ind2_2,days_to_head,days_to_anth,Jan_23_2017,Jan_26_2017,Jan_29_2017,Feb_02_2017,Feb_06_2017,Feb_23_2017,line_or_check,check_or_line,is_line,is_check,conv,conf,interaction_rc
L106,PFAU/MILAN//TROST/3/MUNAL #1/4/PFAU/MILAN//...,1,4,1,12,4.463402,16.617891886465017,44.2344292566476,29.435283891748,27,1.333333333,8.35,7.96,6.97,120.081610840906,92.1786971726368,95.33333333333333,37.60707222156611,2.599999999999998,54.95,44.575,74,82,Before booting,Before booting,Booting,Awns appearing minus,Spikes appearing plus,Watery stage minus,L106,line,1,0,1,0,1.4
3,Gautam,1,4,2,12,2.8783946104977103,16.60772574746818,33.417924236276,28.2456311639099,20,2.33333333333333,7.85,7.8,5.06,109.348958538097,81.5692330792791,100,31.304599999999997,5.793333329999999,54.96666667,44.15,67,73,Swollen boot,Spikes appearing,One fourth of spikes appeared plus,Anthesis stage I plus,Anthesis stage IV,Soft dough stage plus,check,3,0,1,0,1,1.4
1,Aditya,1,4,3,12,3.0864361218726204,18.889727656624387,32.23590651305,30.9610148544665,22,3.33333333333333,8.58,8.45,6.77,118.164891336776,109.793068025203,106,31.57644443246889,3.120000000000001,48.1,40.4,70,77,Booting,Awns appearing,Spikes appearing minus,Three fourth of spikes appeared plus,Anthesis stage II,Soft dough stage minus,check,1,0,1,0,1,1.4
L79,FRANCOLIN #1/NELOKI,1,4,4,12,4.12443478349103,22.110360509189224,39.3826532137429,31.3514995943063,37,1.83333333333333,7.66,5.17,2.03,100.365952696374,25.2165320742808,101,48.706435553173115,5.780000000000001,45.675,40.36666667,70,78,Booting,Booting,Awns appearing plus,Half spikes appeared,Spikes have fully emerged plus,Watery stage plus,L79,line,1,0,1,0,1.4
L92,ROLF07/KINGBIRD #1//MUNAL #1,2,4,5,12,4.682017,16.35599851654781,38.2314470047292,29.2187586009322,34,4.166666667,7.63,3.27,0.69,91.1340547997652,30.5930453506554,93,46.43192443004089,6.34,50.725,31.23333333,74,80,Before booting,Booting,Booting plus,Spikes appearing,Spikes have fully emerged minus,Watery stage minus,L92,line,1,0,1,0,2.4
1,Aditya,2,4,6,12,2.9175613872749,15.78192441905986,33.20254508046,30.3478492044475,21,3,7.92,7.8,5.03,114.223818409058,81.3517600770936,100,40.775996660850005,4.600000000000001,52.63333333,47.1,69,78,Booting,Awns appearing,Spikes appearing plus,Three fourth of spikes appeared,Anthesis stage III minus,,check,1,0,1,0,1,2.4
1,Aditya,2,4,7,12,1.6100261551874402,16.648184914100245,30.438207419340003,23.7476328598988,24,4,7.81,6.76,4.53,101.841369457921,80.6889820070884,109,40.798666660500004,4.699999999999999,41.7,45.25,66,75,Swollen boot,Spikes appearing,Half spikes appeared minus,Spikes have fully emerged plus,Anthesis stage III plus,,check,1,0,1,0,1,2.4
2,Bhrikuti,2,4,8,12,3.09161359339039,16.47762822302917,32.829275751967,28.2141397139711,23,6,7.42,3.26,0.42,79.5073225831386,21.3458999123746,93,41.789699999999996,3.1333333299999993,44.43333333,33.4,63,70,Spikes appearing,Half spikes appeared,Three fourth of spikes appeared minus,Anthesis stage III,Anthesis advanced,,check,2,0,1,0,1,2.4
3,Gautam,3,4,9,12,4.00522375003037,18.265817369514217,41.1441846334668,33.166606069908,28,4,7.96,6.93,4.56,116.213350862715,79.7437237625199,100,45.5856666721,8.5,44.13333333,33.95,67,75,Swollen boot,Spikes appearing,One fourth of spikes appeared minus,Spikes have fully emerged plus,Anthesis stage III minus,,check,3,0,1,0,1,3.4
L12,WHEAR/VIVITSI//WHEAR/3/PANDORA,3,4,10,12,3.67725842696629,15.683591711981162,46.5453407356408,30.6972218845142,33,1,7.86,4.46,3.34,98.1633186698528,53.3060563989284,99,33.89994665939201,11.299999999999999,50.575,46.4,74,84,Before booting,Before booting,Booting,Swollen boot minus,Spikes appearing,Watery stage minus,L12,line,1,0,1,0,3.4
4,Tilottama,3,4,11,12,3.4200901598933298,17.327560731289935,35.974068290859,29.2705899118821,33,4,7.98,6.21,4.41,104.150028088686,71.0114660522577,104,43.568341658215,10.5,40.76666667,40.15,62,70,Spikes appearing,Three fourth of spikes appeared,Three fourth of spikes appeared plus,Anthesis stage III plus,Anthesis advanced,,check,4,0,1,0,1,3.4
L98,ATTILA*2/PBW65*2//JUCHI/3/KINGBIRD #1/4/...,3,4,12,12,,19.533687109047097,,,27,0.5,7.76,2.95,0.7,78.3058499808492,5.24840795423423,98,38.60251109794389,10.500000000000002,49.425,43.8,75,86,Before booting,Before booting,Before booting,Before booting,Booting,Watery stage minus,L98,line,1,0,1,0,3.4
L17,SUP152/KENYA SUNBIRD,4,4,13,12,,15.881330007379407,,,33,2,7.23,4.77,0.94,90.5456778011747,20.1556578244669,99,40.03537555680911,10.15,45.425,44.5,71,78,Before booting,Booting,Spikes appearing minus,Half spikes appeared,Anthesis stage I,Watery stage minus,L17,line,1,0,1,0,4.4
3,Gautam,4,4,14,12,3.16872699979296,18.54191371728777,33.1785269156172,30.2627156245939,23,2,7.93,6.36,4.83,96.3744890334351,75.2741737457647,105,39.74837555770911,10.14166667,46.16666667,34.65,69,76,Swollen boot,Awns appearing,Spikes appearing minus,Spikes have fully emerged,Anthesis stage III,,check,3,0,1,0,1,4.4
L37,WHEAR/KUKUNA/3/C80.1/3*BATAVIA//2*WBLL1/4/...,4,4,15,12,3.62,18.535508068420217,29.7811011064874,31.5673184460422,43,1,7.99,3.04,1.2,88.3245798710211,29.4126261183801,96.5,47.02872276326589,10.25,45.675,38.1,75,85,Before booting,Before booting,Before booting,Booting,Awns appearing,Watery stage minus,L37,line,1,0,1,0,4.4
4,Tilottama,4,4,16,12,2.5367398344687304,16.44147816471115,38.5742121714257,22.3913566507659,31,3,7.81,7.25,4.82,110.11455485624,88.6323038804798,97,42.59831667205,9.63833333,44.26666667,32.5,62,72,Spikes appearing,Half spikes appeared,Three fourth of spikes appeared plus,Anthesis stage II,Anthesis stage III,,check,4,0,1,0,1,4.4
2,Bhrikuti,5,4,17,12,3.65907812790904,14.50522505072907,29.9793721294378,22.8045611786533,34,4,7.71,7.58,4.92,122.761582966296,103.110793740967,98,55.53181779389689,8.67666667,45.63333333,30.35,61,72,Spikes appearing,Three fourth of spikes appeared,Spikes have fully emerged,Anthesis stage II,Anthesis advanced plus,,check,2,0,1,0,1,5.4
4,Tilottama,5,4,18,12,4.668831740323,16.905273385510576,34.7799109867738,33.4731612640402,40,5,7.53,6.93,3.73,108.07267813732,88.5317235441525,106,43.542305552331115,9.415000000000001,46.26666667,37.8,61,71,One fourth of spikes appeared,Three fourth of spikes appeared,Spikes have fully emerged minus,Anthesis stage II plus,Anthesis advanced plus,,check,4,0,1,0,1,5.4
L95,KAUZ//ALTAR 84/AOS/3/MILAN/KAUZ/4/SAUAL/5/...,5,4,19,12,,15.37256893014202,,,28,3,8.06,3.43,2.09,92.0775535935012,43.1795087585395,99,39.547506674648,9.620000000000001,47.95,37.63333333,70,78,Booting,Booting,Spikes appearing minus,Three fourth of spikes appeared,Anthesis stage I,Watery stage minus,L95,line,1,0,1,0,5.4
L88,MUNAL #1*2/4/HUW234+LR34/PRINIA//PBW343*2/...,5,4,20,12,,16.477431742494375,,,23,2,8.8,5.91,5.65,104.929602144256,81.7382321889884,100.5,33.84174445678389,10.225,50.025,38.06666667,72,80,Booting,Booting,Swollen boot minus,Spikes appearing,Three fourth of spikes appeared,Watery stage,L88,line,1,0,1,0,5.4
1,Aditya,5,4,20,11,2.7560995795413303,17.98842730106031,38.4307049296362,32.1849477771377,21,2,8.5,8.26,5.37,118.697375774436,70.3643350426738,94,38.86555555416111,10.129999999999999,45.36666667,41.2,67,75,Swollen boot,Awns appearing,One fourth of spikes appeared minus,Spikes have fully emerged plus,Anthesis stage III,,check,1,0,1,0,1,5.4
4,Tilottama,5,4,19,11,2.82989070149313,17.012749341876706,39.2474935459265,24.5323484908895,31,5,7.95,4.93,3.97,95.0050050449844,53.4405591992991,99,44.90955555933611,10.335,42.63333333,30.15,59,72,Half spikes appeared,Spikes have fully emerged,Spikes have fully emerged plus,Anthesis stage II,Anthesis advanced,,check,4,0,1,0,1,5.4
L49,WAXWING/KRONSTAD F2004//2*FRNCLN,5,4,18,11,3.49,17.386040717246043,29.3815467196399,31.8717720830921,36,3,8.34,5.26,5.06,99.9518575493641,64.6433553886351,96.5,41.767999994250005,10.965,41.06666667,38.3,73,82,Before booting,Before booting,Swollen boot minus,Awns appearing minus,Spikes appearing plus,Watery stage minus,L49,line,1,0,1,0,5.4
L38,BAJ #1*2/BECARD,5,4,17,11,,16.548224035938137,,,24,6.5,8.47,5.94,5.79,97.4906559566052,82.3332453398332,96.5,36.543999993599996,10.52,39.925,21,70,78,Booting,Booting,Awns appearing plus,Half spikes appeared,Spikes have fully emerged,Watery stage minus,L38,line,1,0,1,0,5.4
3,Gautam,4,4,16,11,3.2825410841939204,18.634082175333173,34.5238045192775,30.1248548106953,27,3,7.73,6.61,4.04,113.469138673599,74.3902094307186,107,43.66944443013889,8.61666667,45.66666667,38.6,69,72,Booting,Spikes appearing,Spikes appearing plus,Anthesis stage II,Anthesis stage III,,check,3,0,1,0,1,4.4
2,Bhrikuti,4,4,15,11,2.77390172204705,15.424659779859802,44.607086645064,26.785379690144,24,5,7.8,4.77,3.93,90.8631096627286,73.6162256077714,95,46.439039994299996,10.62166667,44.16666667,35.3,64,73,Spikes appearing,One fourth of spikes appeared,Half spikes appeared plus,Anthesis stage I,Anthesis advanced,,check,2,0,1,0,1,4.4
1,Aditya,4,4,14,11,1.8490412698412602,19.4303525277566,27.153947347517,24.0774268457889,32,2.5,7.8,5.96,4.65,103.269656284602,85.7744318390913,109,38.60918055808611,9.86,43.53333333,51.3,68,73,Swollen boot,Spikes appearing,Spikes appearing plus,Anthesis stage I,Anthesis stage III,,check,1,0,1,0,1,4.4
L10,MUNAL/3/HUW234+LR34/PRINIA//PFAU/WEAVER/4/...,4,4,13,11,,16.627400827119093,,,36,3,8.84,3.98,3.53,101.276106807546,56.6028435668671,102.5,32.95587776565889,10.714999999999998,43.9,37.36666667,74,84,Before booting,Before booting,Booting plus,Booting plus,Spikes appearing plus,Watery stage minus,L10,line,1,0,1,0,4.4
2,Bhrikuti,3,4,12,11,4.14360714486831,17.637240095532103,45.104904276377,30.981385167876,30,2,8.16,6.61,5.53,117.004583189856,87.1293245474647,95,44.502277791998885,9.803333329999901,47.53333333,46.4,66,76,Awns appearing,Spikes appearing,One fourth of spikes appeared plus,Spikes have fully emerged,Anthesis stage III,,check,2,0,1,0,1,3.4
L4,PRL/2*PASTOR/3/PFAU/WEAVER*2//CHAPIO,3,4,11,11,,,,,38,4,8.34,4.74,4.66,98.9991191760289,61.6359356697164,95,42.50763612523389,10.75,46.625,43.9,74,85,Before booting,Before booting,Booting,Booting,Spikes appearing,Watery stage minus,L4,line,1,0,1,0,3.4
2,Bhrikuti,3,4,10,11,4.38932769978744,17.59771666496672,39.9514321404489,28.2339768039506,40,3,8.36,6.63,6.54,117.53296163645,84.4448573764029,95,42.10667499148501,9.71333333,43.26666667,33.3,63,72,Spikes appearing,One fourth of spikes appeared,Three fourth of spikes appeared minus,Anthesis stage II,Anthesis stage IV,,check,2,0,1,0,1,3.4
L13,WBLL1*2/KURUKU//TACUPETO F2001*2/BRAMBLING,3,4,9,11,4.166378812,17.858704594797178,49.6229826899993,29.4733595810222,28,1.5,7.79,7.56,5.17,113.278175890639,98.7755905290247,111,49.66870276264389,10.6849999999999,46.9,40.83333333,74,82,Before booting,Booting,Booting plus,Awns appearing,Half spikes appeared,Watery stage,L13,line,1,0,1,0,3.4
3,Gautam,2,4,8,11,2.35206315789473,14.499859132584058,40.4792396334524,25.2206796142948,24,2.5,7.45,7.36,4.51,104.684352850115,77.3495894317776,102,41.068457764222885,6,40.66666667,29.8,67,72,Swollen boot,Spikes appearing,One fourth of spikes appeared,Anthesis stage II,Anthesis stage III plus,,check,3,0,1,0,1,2.4
L43,KACHU*2/PANDORA,2,4,7,11,4.35939976703578,17.047871739361433,47.9577573888127,23.4967861137105,50,2,7.84,5.81,4.72,107.56843151396,69.2713386271927,95.5,40.169355555616114,6.425000000000001,45.375,34.66666667,72,78,Booting,Booting,Swollen boot minus,One fourth of spikes appeared,Spikes have fully emerged,Watery stage,L43,line,1,0,1,0,2.4
L58,PRL/2*PASTOR//SUNSTATE/3/MUNAL #1/4/OTUS//...,2,4,6,11,2.7404211878009503,15.361408210992185,40.920733439769,27.5317834742053,35,5.5,8.5,5.66,5.46,103.640201864083,66.9712474490729,101,40.79023333885,4.725000000000001,42.25,32.43333333,72,78,Booting,Booting,Swollen boot,One fourth of spikes appeared,Spikes have fully emerged plus,Watery stage plus,L58,line,1,0,1,0,2.4
L24,BABAX/LR42//BABAX/3/ER2000/4/NAVJ07,1,4,4,11,,17.683582270036272,,,39,1.5,8.67,4.03,3.73,92.4147242454624,42.5666502963143,100.5,36.531722220561115,4.800000000000001,43.5,34.43333333,68,76,Awns appearing,Awns appearing,Spikes appearing,Spikes have fully emerged,Anthesis stage II,Milky stage,L24,line,1,0,1,0,1.4
L33,ND643/2*WBLL1//ND643/2*WAXWING,1,4,3,11,,16.65437289743203,,,41,2.5,8.84,6.23,6.07,109.126696715079,95.2912303421424,95,32.566375,5.300000000000001,47.05,41.4,72,80,Before booting,Booting,Swollen boot plus,Spikes appearing,Half spikes appeared,Watery stage minus,L33,line,1,0,1,0,1.4
4,Tilottama,1,4,2,11,3.24808386904761,16.791186893250913,40.4028121015177,27.3562756512981,38,4,7.88,5.41,3.6,98.6130782687451,47.3049457090081,100,38.28012222294111,6.533333330000001,46.83333333,34.85,60,70,Half spikes appeared,Half spikes appeared,Spikes have fully emerged,Anthesis stage III,Anthesis advanced,,check,4,0,1,0,1,1.4
1,Aditya,1,4,1,11,2.45103236936312,14.399912308510638,44.8237429235425,24.8137412248756,24,6,8.13,7.48,6.24,98.7480146636104,104.670274543078,92,36.881091659635,4.466666669999999,46.36666667,14.85,66,73,Awns appearing,Spikes appearing,One fourth of spikes appeared plus,Anthesis stage I,Anthesis stage IV,,check,1,0,1,0,1,1.4
3,Gautam,1,4,1,10,4.151428571428,18.834525668001643,36.7413271699247,24.1408081450302,29,3,8.11,7.88,5.59,122.393641312143,96.9772909833031,98,42.220625007855006,2.966666670000002,48.65,35.65,65,70,Awns appearing,Spikes appearing,Half spikes appeared,Anthesis stage III,Anthesis stage IV,,check,3,0,1,0,1,1.4
L89,BECARD #1*2/KINGBIRD #1,1,4,2,10,,,,,41,3,8.84,4.37,4.31,101.059152971494,45.6204608689873,98,34.977399999999996,4.549999999999997,40.8,29.53333333,72,78,Before booting,Booting,Awns appearing,One fourth of spikes appeared,Three fourth of spikes appeared plus,Milky stage,L89,line,1,0,1,0,1.4
2,Bhrikuti,1,4,3,10,3.3149639919670904,18.887042991510686,30.6604061899301,23.2558518367602,33,3,8.2,7.56,7.25,117.206111165638,107.434486921521,90,34.178850006795,4.3333333299999985,42.25,36.1,63,72,Spikes appearing,One fourth of spikes appeared,Three fourth of spikes appeared minus,Anthesis stage II,Anthesis stage IV,,check,2,0,1,0,1,1.4
2,Bhrikuti,1,4,4,10,3.0027970305191296,20.808741156232983,39.83942951881,28.6465608550409,27,1.5,8.2,8.15,6.99,110.963862240822,115.557669603469,90,42.695835008463,6.633333330000003,42.7,49.2,68,73,Before booting,Spikes appearing,Half spikes appeared,Anthesis stage I,Anthesis stage III,,check,2,0,1,0,1,1.4
L57,PRL/2*PASTOR//SUNSTATE/3/MUNAL #1/4/OTUS//...,2,4,5,10,,15.905352961633303,,,31,3.5,8.67,4.87,4.85,98.9974821770354,65.5227106954275,98.5,36.407725006350006,6.600000000000001,43.55,24.93333333,71,78,Before booting,Booting,Awns appearing plus,One fourth of spikes appeared,Three fourth of spikes appeared plus,Milky stage,L57,line,1,0,1,0,2.4
4,Tilottama,2,4,6,10,2.7095684843127703,15.524102546615685,38.87477247394,27.122959833663,29,2,8.36,7.25,6.96,111.236956426347,80.9160081033043,104,38.18038334123,7.266666670000003,42.95,43.8,65,73,Awns appearing,Spikes appearing,Half spikes appeared plus,Anthesis stage I,Anthesis stage II,,check,4,0,1,0,1,2.4
4,Tilottama,2,4,7,10,3.18809554736396,19.762275677313387,40.7191833274755,29.4215118571828,30,2.5,7.89,7.16,4.9,106.894659533449,91.8069767660991,94,41.59743889031611,8.3,45.1,44.55,65,73,Awns appearing,Spikes appearing,Half spikes appeared,Anthesis stage I,Anthesis stage III,,check,4,0,1,0,1,2.4
L94,SERI.1B*2/3/KAUZ*2/BOW/KAUZ/4/PBW343*2/...,2,4,8,10,2.07,15.402411305287615,26.9627858459757,24.2387485113599,37,2.5,8.67,3.43,1.54,97.0901743625407,21.8704840398921,99.5,39.320119999999996,9.475000000000001,37.95,37.43333333,74,84,Before booting,Booting,Booting,Swollen boot,Spikes appearing,Watery stage minus,L94,line,1,0,1,0,2.4
3,Gautam,3,4,9,10,3.01350831833353,17.748031932317627,35.508532995127,25.6916164165971,29,2,7.39,7.26,4.13,113.127271130282,79.9143635258617,96,45.129066672,9.623333330000001,43.3,35.8,68,73,Swollen boot,Awns appearing,Spikes appearing plus,Anthesis stage I,Anthesis stage IV,,check,3,0,1,0,1,3.4
L46,WBLL1* 2/BRAMBLING//SAAR/2*WAXWING/4/...,3,4,10,10,,17.10002283106224,,,39,2,7.93,4.46,3.79,89.774560037444,60.6332781715253,90,47.882175000000004,11.27,45.375,37.06666667,75,86,Before booting,Before booting,Before booting,Booting minus,Spikes appearing plus,,L46,line,1,0,1,0,3.4
L53,MUNAL #1/2*FRNCLN,3,4,11,10,,,,,28,2.5,8.67,5.89,5.65,111.218652963087,86.0743355451298,85,46.146317792441884,10.224999999999998,44.25,20.16666667,70,78,Booting,Awns appearing,Spikes appearing minus,Half spikes appeared,Anthesis stage I plus,,L53,line,1,0,1,0,3.4
1,Aditya,3,4,12,10,2.9325732399713704,13.591186229080952,47.0052099931,25.5337112246398,26,2,8.19,7.84,6.9,118.217049451397,120.516864900553,92,34.6035,10.433333329999998,47.7,45.6,68,78,Swollen boot,Spikes appearing,Spikes appearing plus,Three fourth of spikes appeared,Anthesis stage III,,check,1,0,1,0,1,3.4
4,Tilottama,4,4,13,10,3.75459652046343,15.778228075084789,34.9984412833568,27.2243404955578,51,2.5,7.99,6.61,4.79,118.618662045507,68.0179256123643,101,40.972666658672,11.26666667,44.33333333,34.45,61,70,One fourth of spikes appeared,Half spikes appeared,Spikes have fully emerged,Anthesis stage III plus,Anthesis advanced,,check,4,0,1,0,1,4.4
L82,PICAFLOR #1/NELOKI,4,4,14,10,3.62584983056892,16.775302738937324,37.9104267509559,24.3505275970853,40,0.5,8.45,4.23,3.02,98.6686327360465,62.4256206739706,111.5,43.48481945845389,12.374999999999998,43.625,44.23333333,75,86,Before booting,Before booting,Before booting,Before booting,Before booting,,L82,line,1,0,1,0,4.4
2,Bhrikuti,4,4,15,10,3.94243169968715,18.08487103284404,43.975397042855,28.4499923525919,28,2.5,8.19,6.36,6.09,116.337351126512,74.7203160490134,102,45.227022225031114,12.033333329999998,41.26666667,32.95,63,73,Spikes appearing,One fourth of spikes appeared,Three fourth of spikes appeared minus,Anthesis stage I,Anthesis advanced,,check,2,0,1,0,1,4.4
L62,PASTOR/3/VORONA/CN079//KAUZ/4/MILAN/OTUS//...,4,4,16,10,1.9934650812937802,16.94261720814292,40.8299641614548,25.0079970011762,26,2.5,8.6,5.97,4.66,108.391277595732,79.0027936821315,99.5,46.75110000000001,11.874999999999998,47,40.5,74,84,Before booting,Before booting,Booting minus,Swollen boot,Spikes appearing,,L62,line,1,0,1,0,4.4
1,Aditya,5,4,17,10,4.79508313469269,14.583071297455595,33.802475369446,28.0264488769367,44,2,8.16,7.88,6.81,126.019357878602,95.8666774417808,102,47.94454721989611,11.033333329999998,49.1,26.55,68,77,Swollen boot,Spikes appearing,Spikes appearing plus,Three fourth of spikes appeared plus,Anthesis stage III,,check,1,0,1,0,1,5.4
3,Gautam,5,4,18,10,4.51237763975154,18.722439362895106,44.9503092524382,30.1341758188108,39,2,7.73,7.56,5.09,115.702192895954,78.9606802481912,103,43.5822000057,10.506666669999898,46.23333333,41.65,66,73,Awns appearing,Spikes appearing,One fourth of spikes appeared,Anthesis stage I,Anthesis stage III,,check,3,0,1,0,1,5.4
3,Gautam,5,4,19,10,3.95312008512901,18.08104562201003,38.933108989735,30.234681763686,32,2.5,8.17,7.48,6.63,109.196109209099,86.8133730960951,105,42.369079994100005,11.81333333,42.23333333,32.95,65,72,Spikes appearing,Spikes appearing,One fourth of spikes appeared,Anthesis stage II,Anthesis stage IV,,check,3,0,1,0,1,5.4
L40,KACHU*2/MUNAL #1,5,4,20,10,3.1957744435024997,14.37563052132637,35.9812265512385,21.8336821331978,27,1,8.5,7.268,5.94,112.377548109639,100.07279466653,97,36.845599993680004,12.145,45.85,45.63333333,75,84,Before booting,Before booting,Before booting,Booting plus,Spikes appearing,,L40,line,1,0,1,0,5.4
3,Gautam,5,3,20,9,3.03363897411261,18.74700947445211,39.6677982544297,29.7125141296531,24,2,7.77,7.48,5.15,101.970335252,95.0014842420124,101,27.8566666626,10.92666667,45.23333333,50.75,65,72,Spikes appearing,Spikes appearing,One fourth of spikes appeared plus,Anthesis stage II,Anthesis stage IV,,check,3,0,1,0,1,5.3
2,Bhrikuti,5,3,19,9,2.73674137335216,15.677337283031866,41.957711561668,25.1806987001136,28,2.5,7.12,6.53,3.19,95.0242691693243,88.681607561693,88,32.09777776568889,11.100000000000001,42.13333333,36.1,64,72,Spikes appearing,One fourth of spikes appeared,Half spikes appeared plus,Anthesis stage II,Anthesis advanced,,check,2,0,1,0,1,5.3
L76,PBW343*2/KUKUNA//PBW343*2/KUKUNA/6/WBLL1*2/...,5,3,18,9,3.3615155680204696,14.330153258041127,42.6806220173905,25.7161312253611,33,2.5,8.75,3.99,3.85,91.3804340967864,31.335114943965,107,32.165,11.6357142857142,47.85,40.26666667,75,82,Before booting,Before booting,Before booting,Awns appearing,Awns appearing plus,,L76,line,1,0,1,0,5.3
4,Tilottama,5,3,17,9,3.95394757763974,15.752983099120671,35.39916182,29.6156833674731,52,2.5,8.37,7.16,7.29,112.425541061704,107.76040602089,104,30.880000000000003,11.304761901428499,44.66666667,38.35,62,72,Spikes appearing,Half spikes appeared,Three fourth of spikes appeared,Anthesis stage II,Anthesis stage IV plus,,check,4,0,1,0,1,5.3
2,Bhrikuti,4,3,16,9,4.61049051833122,16.959497481023018,34.800748165,29.5754905874574,36,3,7.79,5.73,4.54,104.423643192459,67.1220607810182,92,43.460000008200005,11.5238095271428,49.25,36.4,66,73,Awns appearing,Spikes appearing,One fourth of spikes appeared,Anthesis stage I,Anthesis stage III,,check,2,0,1,0,1,4.3
L28,KISKADEE #1/5/KAUZ*2/MNV//KAUZ/3/MILAN/4/...,4,3,15,9,4.10334167764853,14.933951907223927,39.7596986485828,22.6425661015648,47,3.5,8.54,4.17,4.15,98.60481624,75.3812745724391,92.5,56.062799999999996,12.742857142857098,44.925,39.03333333,74,80,Before booting,Before booting,Booting plus,Spikes appearing plus,One fourth of spikes appeared,,L28,line,1,0,1,0,4.3
L41,KACHU/2*MUNAL #1,4,3,14,9,,,,,34,3.5,8,4.86,4.26,92.405914193917,60.8401899385111,98,36.808125000000004,10.4535714285714,44.95,27,65,73,Awns appearing,Spikes appearing,Half spikes appeared,Anthesis stage I,Anthesis stage IV minus,,L41,line,1,0,1,0,4.3
4,Tilottama,4,3,13,9,3.7061714285714196,14.454269673686186,33.0664502159423,26.4627264709516,35,1.5,7.4,5.34,2.13,100.209305161877,58.7443035348009,90,41.423333339,10.980952384285699,47.8,34.35,61,70,One fourth of spikes appeared,One fourth of spikes appeared,Spikes have fully emerged minus,Anthesis stage III,Anthesis advanced,,check,4,0,1,0,1,4.3
L83,PICAFLOR #1/8/NG8201/KAUZ/4/SHA7//PRL/VEE#6/...,3,3,12,9,,15.668404650983858,,,32,2.5,8.51,5.44,5.32,104.002600677114,72.1055266258573,91.5,25.575000000000003,9.825,42.7,19.3,69,78,Swollen boot,Awns appearing,Awns appearing plus,One fourth of spikes appeared,Anthesis stage I,,L83,line,1,0,1,0,3.3
1,Aditya,3,3,11,9,3.6029490347490203,16.71609672138084,33.6977337419346,27.3303508290515,24,1.5,7.58,7.16,4.46,106.790615271541,91.3624593142677,93,53.61777776208889,10.149999996666601,47.23333333,37.85,66,73,Awns appearing,Spikes appearing,Half spikes appeared minus,Anthesis stage I,Anthesis stage II plus,,check,1,0,1,0,1,3.3
3,Gautam,3,3,10,9,4.49459070370917,16.866866959758298,40.8456899449198,31.3663545518414,38,2,7.46,7.25,2.53,102.7048182858,73.9395302330166,108,38.61111112438889,11.2000000033333,44.06666667,43.85,68,75,Awns appearing,Awns appearing,Spikes appearing,Spikes have fully emerged plus,Anthesis stage II,,check,3,0,1,0,1,3.3
L5,DANPHE/CHONTE,3,3,9,9,2.42072896157688,15.488609665147107,34.6319421325262,21.9489928228706,33,1,8.16,3.23,3.14,74.2694845714475,40.7412071856141,109.5,34.935,11.05,45.025,39.36666667,75,85,Before booting,Before booting,Before booting,Booting,Awns appearing,,L5,line,1,0,1,0,3.3
1,Aditya,2,3,8,9,2.9262978344393096,14.954513952198523,30.6790847341996,25.8776171812361,28,2,8.17,7.48,6.73,110.466204,102.59392266434,101,43.2,8.8,51.2,44.25,68,76,Swollen boot,Awns appearing,Spikes appearing plus,Spikes have fully emerged,Anthesis stage II,,check,1,0,1,0,1,2.3
1,Aditya,2,3,7,9,4.044,16.7991725051646,38.9112463219179,26.0627824093158,36,2.5,7.84,7.16,4.93,113.157041119336,98.0868441451853,101,24.649999995,7.846666670000001,42.65,43.55,65,73,Spikes appearing,Spikes appearing,One fourth of spikes appeared plus,Anthesis stage I,Anthesis stage III,,check,1,0,1,0,1,2.3
L85,MUNAL #1*2/4/HUW234+LR34/PRINIA//PBW343*2/...,2,3,6,9,4.78553451,17.67142537051143,44.2223055853914,27.8303318592356,40,2,8.5,4.84,4.68,105.255892887874,66.6858049482699,98.5,28.209375,9.760000000000002,49.2,35.26666667,69,78,Booting,Booting,Spikes appearing plus,Half spikes appeared,Spikes have fully emerged plus,,L85,line,1,0,1,0,2.3
L32,ND643/2*WBLL1//ND643/2*WAXWING,2,3,5,9,3.2155803698336403,14.096330519383029,41.8034607413106,24.5816263099393,41,2.5,8.59,5.93,5.53,103.069690928939,81.3377159152843,97,32.9175,10.739999999999998,46.6,33.86666667,73,80,Before booting,Booting,Swollen boot,Spikes appearing plus,Half spikes appeared minus,,L32,line,1,0,1,0,2.3
L108,SUP152*2//ND643/2*WAXWING,1,3,4,9,3.44148321540351,12.947720375449189,41.5242278908691,28.1418841245141,36,4,8.84,4.06,4.02,100.423564449858,42.2822162262488,97.5,31,10.370000000000001,49.2,26.73333333,71,78,Before booting,Booting,Spikes appearing minus,Half spikes appeared minus,Three fourth of spikes appeared,,L108,line,1,0,1,0,1.3
4,Tilottama,1,3,3,9,3.96720681107488,16.1258754674802,36.6407041824379,27.5557696229,33,3,8.47,6.96,6.54,108.5368070952,90.3368742933123,93,29.18222222171111,10.86666667,42.05,28.55,62,70,Spikes appearing,Half spikes appeared,Three fourth of spikes appeared plus,Anthesis stage III,Anthesis advanced,,check,4,0,1,0,1,1.3
L7,MUU/FRNCLN,1,3,2,9,2.3972404063516,18.897567014198746,44.8704931774504,26.3158501800634,25,2.5,8.84,3.17,3.1,82.178673673896,47.3885540998275,94.5,33.434374999999996,10.1071428571428,49.4,24.33333333,72,78,Before booting,Booting,Swollen boot plus,One fourth of spikes appeared,Half spikes appeared,,L7,line,1,0,1,0,1.3
2,Bhrikuti,1,3,1,9,3.44203343541703,16.19091756617903,36.364099441547,24.1776561641837,43,4.5,8.62,6.53,6.38,107.124056001885,100.178315,85,29.722222222611112,9.5476190442857,44.4,33.25,63,72,Spikes appearing,Spikes appearing,Three fourth of spikes appeared,Anthesis stage II,Anthesis advanced,,check,2,0,1,0,1,1.3
L99,MUNAL #1*2//WBLL1*2/BRAMBLING,1,3,1,8,3.63278466508741,15.132268482635556,49.3449764853368,25.7225941515624,36,1.5,8.84,1.91,0.57,84.6049713314118,11.8572314805921,93.5,18.666666662,11.071428571428498,47.5,41.1,75,86,Before booting,Before booting,Before booting,Before booting,Awns appearing plus,Late anthesis,L99,line,1,0,1,0,1.3
1,Aditya,1,3,2,8,2.70109915966383,15.043613871288166,41.2312242166373,24.0569506868239,28,3.5,7.84,7.16,5.39,106.37196312511,93.1954373128237,103,22.493333338,9.1619047585714,48.15,27.1,64,70,Spikes appearing,Spikes appearing,Half spikes appeared plus,Anthesis stage III,Anthesis stage IV,,check,1,0,1,0,1,1.3
L101,PFAU/MILAN/5/CHEN/AEGILOPS SQUARROSA (TAUS)/...,1,3,3,8,3.2828006420545597,16.393273050869613,43.6489598584204,27.7478061390986,30,2,8.84,4.89,4.68,93.1878491311956,47.1899047738801,95,25.715555556511113,10.5857142857142,51.75,37.2,73,80,Before booting,Before booting,Swollen boot,Spikes appearing,Half spikes appeared,Watery stage minus,L101,line,1,0,1,0,1.3
3,Gautam,1,3,4,8,2.47429326414287,16.794996826732184,41.8417685988111,28.075217215065,29,2,7.79,7.25,4.38,103.880681083468,72.5586192653694,100,51.02222222511111,10.309523812857101,44.35,38.4,66,72,Awns appearing,Spikes appearing,One fourth of spikes appeared,Anthesis stage II,Anthesis stage III,,check,3,0,1,0,1,1.3
2,Bhrikuti,2,3,5,8,2.9663757575737497,13.395183630808404,39.229844853194,23.9795543958241,30,4,7.27,5.81,2.42,96.8536811620414,63.5196436347152,90,43.2,10.23333333,37.2,29.55,64,73,Spikes appearing,Spikes appearing,Half spikes appeared,Anthesis stage I,Anthesis stage IV,,check,2,0,1,0,1,2.3
4,Tilottama,2,3,6,8,2.89004857142855,18.38410851818938,30.794728026611402,26.4870210590583,29,1.5,8.14,7.56,5.83,114.049145381927,97.717236203678,104,44.85,9.100000000000001,42.5,27.55,64,73,Spikes appearing,One fourth of spikes appeared,Half spikes appeared minus,Anthesis stage I plus,Anthesis stage II,,check,4,0,1,0,1,2.3
L34,SNB//CMH79A.955/3*CN079/3/ATTILA/4/CHEN/...,2,3,7,8,,,,,32,2.5,8.67,2.32,2.18,80.4057008250065,13.8821365278931,97.5,30.265625,8.625,42.3,36.9,75,85,Before booting,Before booting,Before booting,Booting,Swollen boot,,L34,line,1,0,1,0,2.3
L96,PBW343*2/KHVAKI//PARUS/3/PBW343/PASTOR/5/...,2,3,8,8,1.8841084983763898,15.48571539197654,37.084419324971,22.6567640415441,18,2,8.67,4.26,4.14,86.2011374193612,53.8277046954928,93,33.988888886611115,8.875,51.95,29,74,84,Before booting,Before booting,Booting,Swollen boot,Spikes appearing plus,Watery stage minus,L96,line,1,0,1,0,2.3
L67,WHEAR/SOKOLL/4/PASTOR//MILAN/KAUZ/3/BAV92,3,3,9,8,4.79261,14.599413553800108,44.8812023215573,27.4786899139296,39,1.5,8.5,6.78,4.95,118.595500312021,95.1279405844103,101.5,40.122222218611114,11.7166666666666,47.075,38.76666667,74,85,Before booting,Before booting,Booting,Booting,Spikes appearing,Late anthesis,L67,line,1,0,1,0,3.3
L77,BECARD/6/FRET2*2/4/SNI/TRAP#1/3/KAUZ*2/TRAP/...,3,3,10,8,3.80698006017111,17.593911297999714,45.1281406362396,26.3448278734045,36,1,7.73,5.26,2.84,100.70518759,60.6736961407693,105,55.94444446088889,11.5333333333333,47.56666667,47.23333333,73,84,Before booting,Before booting,Swollen boot minus,Swollen boot minus,One fourth of spikes appeared,Late anthesis,L77,line,1,0,1,0,3.3
3,Gautam,3,3,11,8,2.42133333333332,17.81209905210718,40.1680070727617,29.1846337355914,26,2,7.64,6.85,4.3,91.218148627626,68.5703621969996,102,49.520625,11.833333330000002,48.375,40.95,67,72,Awns appearing,Awns appearing,One fourth of spikes appeared minus,Anthesis stage II,Anthesis stage III,,check,3,0,1,0,1,3.3
4,Tilottama,3,3,12,8,3.95506358427187,17.209358201962637,35.7375498249161,24.5399162841075,39,3,7.64,6.61,5.37,106.332470382911,82.2281079980393,99,41.965624999999996,11.1166666666666,44.66666667,37.75,62,70,Spikes appearing,Half spikes appeared,Three fourth of spikes appeared,Anthesis stage III,Anthesis advanced,,check,4,0,1,0,1,3.3
2,Bhrikuti,4,3,13,8,4.56977751892378,15.035389030901353,35.4423838788236,25.5210235239866,40,2.5,7.83,6.29,2.79,110.00054285,70.9708741253867,86,34.128125000000004,11.1666666633333,46.2,34.7,65,73,Awns appearing,Spikes appearing,Half spikes appeared,Anthesis stage I,Anthesis stage III plus,,check,2,0,1,0,1,4.3
L9,DANPHE #1*2/SHORTENED SR26 TRANSLOCATION,4,3,14,8,3.1453240630159804,16.33438390248866,34.8844896965138,28.919519831852,36,4.5,8.5,4.46,4.01,104.397037857072,56.7958451636717,99.5,31.643749999999997,10.549999999999999,42.25,25.76666667,73,80,Before booting,Before booting,Swollen boot minus,Spikes appearing,Half spikes appeared,Watery stage plus,L9,line,1,0,1,0,4.3
L66,MON/IMU//ALD/PVN/3/BORL95/4/OASIS/2*BORL95/...,4,3,15,8,,16.783671769583794,,,32,1.5,8.69,5.61,5.55,108.60023012856,61.296221378711,103,51.52777779338889,11.9916666666666,49.775,39.16666667,74,82,Before booting,Before booting,Booting plus,Awns appearing minus,Half spikes appeared,Watery stage,L66,line,1,0,1,0,4.3
3,Gautam,4,3,16,8,3.56169260720862,14.847802703293787,37.8807496628961,28.0690639698298,31,1.5,8.56,6.93,5.99,112.3144343,80.5121820333318,108,43.82777776338889,12.383333333333301,44.46666667,43.95,71,80,Booting,Swollen boot,Swollen boot plus,Spikes appearing,Spikes have fully emerged minus,,check,3,0,1,0,1,4.3
1,Aditya,5,3,17,8,3.55824214130096,13.047621766246479,40.5007662037829,28.1961986690239,23,1.5,7.97,6.93,5.7,109.61362115,92.296581668,112,35.2,10.366666669999999,43.2,40.35,68,73,Swollen boot,Awns appearing,Spikes appearing plus,Anthesis stage I,Anthesis stage II,,check,1,0,1,0,1,5.3
1,Aditya,5,3,18,8,4.51112280701754,18.924685011007313,47.92674065,26.0699998436471,29,1.5,8.11,7.48,5.82,122.49752376489,100.345944233225,104,36.2,11.152380955714202,47.83333333,40.55,69,78,Swollen boot,Awns appearing,Spikes appearing minus,Three fourth of spikes appeared,Anthesis stage II,,check,1,0,1,0,1,5.3
L91,PBW343/PASTOR//OTUS/TOBA97*2/3/PICAFLOR #1,5,3,19,8,1.2679589085072198,15.874848083807523,35.1362318808803,24.8928452297969,28,3,8.84,0.7,0.2,71.4541482516517,21.3731337706503,98,28.533333327999998,11.6964285714285,34.5,32.76666667,75,86,Before booting,Before booting,Before booting,Before booting,Booting,Late anthesis,L91,line,1,0,1,0,5.3
L44,SUP152/2*MUNAL #1,5,3,20,8,2.42771091828553,13.527649839034433,47.8912397200238,24.0339766822218,24,4.5,7.79,5.81,4.3,87.73488943,74.8189301157495,100,35.146875,10.8571428571428,45.575,24.1,64,73,Spikes appearing,Spikes appearing,Half spikes appeared minus,Anthesis stage I,Anthesis stage II plus,Soft dough stage,L44,line,1,0,1,0,5.3
2,Bhrikuti,5,3,20,7,3.92170594369741,16.802708515292398,43.509933916733,31.0250975966782,29,4.5,7.9,5.96,4.97,102.15588115059,75.7578818664981,85,30.5500000065,10.7095238128571,49.13333333,41.6,66,73,Awns appearing,Spikes appearing,One fourth of spikes appeared plus,Anthesis stage I,Anthesis stage III,,check,2,0,1,0,1,5.3
4,Tilottama,5,3,19,7,4.2188194150429,15.708133423245126,38.1706117794794,32.4549860636906,31,2.5,8.1,5.73,3.97,107.676282619284,51.7398613001433,90,26.512500000000003,11.528571428571402,45.7,33.1,63,72,Spikes appearing,One fourth of spikes appeared,Three fourth of spikes appeared,Anthesis stage II,Anthesis stage IV,,check,4,0,1,0,1,5.3
L29,MERCATO//PARUS/PASTOR,5,3,18,7,,16.50675501089567,,,31,1.5,8.4,7.56,7.6,125.23996751645,100.348679215592,106.5,29.133333327000003,11.189285714285699,43.925,41.4,74,85,Before booting,Before booting,Booting,Booting,Swollen boot,Late anthesis,L29,line,1,0,1,0,5.3
L21,ND643/2*WBLL1/3/KIRITATI//2*PRL/2*PASTOR/4/...,5,3,17,7,,16.336918860636114,,,34,2,8.49,6.49,6.31,111.926432396952,85.332507584117,104,31.919999999999998,10.750000000000002,46.625,42.9,74,80,Before booting,Booting,Booting,Spikes appearing,Three fourth of spikes appeared,Watery stage,L21,line,1,0,1,0,5.3
2,Bhrikuti,4,3,16,7,3.8458905586592103,19.147850440754503,36.2394032302748,27.8664413727213,31,4.5,7.45,6.53,3.5,109.136145900719,75.3298375028278,92,32.373333328,9.833333330000002,42.33333333,41.15,64,73,Spikes appearing,Spikes appearing,Half spikes appeared,Anthesis stage I,Anthesis stage III,,check,2,0,1,0,1,4.3
4,Tilottama,4,3,15,7,2.20088544053574,17.072000540082946,37.0862857876801,24.772520473311,27,5,7.97,6.93,5.1,106.374423963251,79.4049291357194,102,33.426666659400006,10.533333330000001,44.9,26,62,71,Spikes appearing,Half spikes appeared,Three fourth of spikes appeared,Anthesis stage III minus,Anthesis advanced,,check,4,0,1,0,1,4.3
1,Aditya,4,3,14,7,2.8551159555404,16.53472513565722,36.7634479332948,24.7923446133667,32,2,7.99,7.88,5.82,113.951647196521,107.093689734799,107,46.055625,10.466666670000002,45.56666667,44.3,67,76,Awns appearing,Awns appearing,Spikes appearing plus,Spikes have fully emerged,Anthesis stage II,,check,1,0,1,0,1,4.3
L84,NL971*2/MUU,4,3,13,7,3.82518009630817,15.579554908224713,35.5272511960609,25.1678794633576,46,3,8.84,6.95,6.14,124.600160592264,102.692083751324,104.5,39.80625,11.450000000000001,44.9,42.03333333,74,84,Before booting,Before booting,Booting,Swollen boot,Spikes appearing,Late anthesis,L84,line,1,0,1,0,4.3
1,Aditya,3,3,12,7,3.14784256327302,17.091625448273223,35.5005646577427,25.3839998503345,30,2,7.95,7.16,5.02,112.563674542334,94.5766490211653,108,34.773333328,10.166666670000001,45.86666667,40.55,68,78,Swollen boot,Awns appearing plus,Spikes appearing plus,Three fourth of spikes appeared,Anthesis stage II,,check,1,0,1,0,1,3.3
L87,MUNAL #1*2/4/HUW234+LR34/PRINIA//PBW343*2/...,3,3,11,7,3.6711794542536103,15.87626796689432,46.0823995361304,27.1176378597211,37,1.5,8.24,4.56,4.46,103.291928254412,75.7684978748807,97,26.01,11.750000000000002,50.725,35.06666667,73,78,Before booting,Booting,Swollen boot,One fourth of spikes appeared,Half spikes appeared,Late anthesis,L87,line,1,0,1,0,3.3
L18,SUP152/KENYA SUNBIRD,3,3,10,7,3.4266977669594203,13.255443749500026,37.7434535701569,26.5300993711685,37,5.5,8.67,3.19,1.64,82.8243439213146,32.2555912152568,95,41.45625,11.3388888888888,39.825,23.3,63,73,Spikes appearing,One fourth of spikes appeared,Three fourth of spikes appeared,Anthesis stage I,Anthesis stage III,Soft dough stage plus,L18,line,1,0,1,0,3.3
2,Bhrikuti,3,3,9,7,3.86569336143258,15.477967890615488,38.2851078038446,24.8907184019472,26,3,7.92,6.53,4.51,106.334769812535,85.7936367374165,91,36.736875,10.377777777777702,43.23333333,38.1,64,78,Spikes appearing,Spikes appearing,Half spikes appeared minus,Three fourth of spikes appeared,Anthesis stage III,,check,2,0,1,0,1,3.3
L15,FRANCOLIN #1*2/ND643/2*WBLL1,2,3,8,7,2.8436043737935996,14.74284437731744,37.6615966184989,24.5714460421791,35,3.5,8.67,4.23,3.97,90.2601747243322,60.035496225966,89,50.349999999999994,9.024999999999999,48.85,31.93333333,73,81,Before booting,Booting,Swollen boot minus,Spikes appearing minus,Three fourth of spikes appeared,Watery stage minus,L15,line,1,0,1,0,2.3
L72,TRCH/5/BAV92//IRENA/KAUZ/3/HUITES/4/DOLL,2,3,7,7,,15.609939005052276,,,26,6,8.13,5.26,4.8,96.3450008034,77.7823697692215,104,36.688888887611114,8.925,44.35,39.13333333,75,85,Before booting,Before booting,Before booting,Booting,Swollen boot,Late anthesis,L72,line,1,0,1,0,2.3
3,Gautam,2,3,6,7,4.11245507988197,19.232724787631167,37.1639905991151,31.9241832502389,35,5,8.38,7.16,6.81,117.07923277,79.1784849264553,106,31.5,8.36666667,44.13333333,38.75,66,72,Awns appearing,Spikes appearing,One fourth of spikes appeared,Anthesis stage II,Anthesis stage II plus,,check,3,0,1,0,1,2.3
3,Gautam,2,3,5,7,4.41804547375263,18.96972357986695,44.5380851810351,30.6974969372412,34,6,7.75,6.53,4.19,109.237993446258,68.2066220317444,110,46.22222221911112,8.533333330000001,44.43333333,36.85,68,76,Swollen boot,Awns appearing,Spikes appearing plus,Spikes have fully emerged,Anthesis stage III,,check,3,0,1,0,1,2.3
4,Tilottama,1,3,4,7,3.56347309371428,16.105481189690316,38.024661278,28.2903405437386,27,3,7.96,5.33,4.45,93.5803587445634,83.2292907340189,99,36,8.63333333,43.36666667,25.65,63,72,Spikes appearing,One fourth of spikes appeared,Three fourth of spikes appeared minus,Anthesis stage II,Anthesis advanced minus,,check,4,0,1,0,1,1.3
2,Bhrikuti,1,3,3,7,3.7011000000000003,18.29992920455894,37.7338581837,28.133652898797,34,4,7.69,6.93,4.62,107.34876241356,88.8240239377765,96,50.098124999999996,9.06666667,41.7,36.85,63,72,Spikes appearing,Spikes appearing plus,Three fourth of spikes appeared,Anthesis stage II,Anthesis stage IV,,check,2,0,1,0,1,1.3
L6,SUP152/FRNCLN,1,3,2,7,,,,,25,8,7.85,6.21,4.42,106.406558107245,71.6822872364312,107,45.47111109658889,9.375,44,22.66666667,70,78,Booting,Swollen boot,Awns appearing plus,Three fourth of spikes appeared,Anthesis stage I minus,Watery stage,L6,line,1,0,1,0,1.3
1,Aditya,1,3,1,7,3.1602915254237196,19.372507835960068,38.5153488000666,33.0084686964806,22,6.5,7.69,6.76,4.79,112.160984815378,75.9658496553302,107,29.950000005,10.2,44.4,36.7,67,73,Awns appearing,Spikes appearing,One fourth of spikes appeared minus,Anthesis stage I,Anthesis stage II plus,,check,1,0,1,0,1,1.3
L45,FRNCLN*2/BECARD,1,2,1,6,,17.132433736867284,,,35,3.5,8.63,5.46,5.12,103.572661205701,78.4265126475127,97,28.379999993400002,10.65,41.675,38.33333333,75,84,Before booting,Before booting,Before booting,Swollen boot,Spikes appearing,Late anthesis,L45,line,1,0,1,0,1.2
2,Bhrikuti,1,2,2,6,3.38,16.23450199910356,37.1918367339854,26.3867566280956,27,2,8.53,5.73,4.95,96.0066850580393,87.0724207941982,102,34.226666660999996,10.33333333,40.53333333,38.85,62,72,Spikes appearing,One fourth of spikes appeared plus,Spikes have fully emerged minus,Anthesis stage II,Anthesis stage IV,,check,2,0,1,0,1,1.2
L8,PRL/ 2*PASTOR/4/CHOIX/STAR/3/HE1/3*CNO79//...,1,2,3,6,3.9,16.295651472942,,21.5511314019374,28,7,4.67,2,0.8,62.1471100082209,10.856013,98.5,32.881874999999994,9.725000000000001,39.625,29.73333333,75,86,Before booting,Before booting,Before booting,Before booting,Awns appearing plus,Late anthesis,L8,line,1,0,1,0,1.2
1,Aditya,1,2,4,6,3.0182426654192698,16.6430420680342,38.4930721908152,28.1010232023952,27,2.5,7.96,6.05,5.32,98.9672015942,91.6620285244684,120,54.6125,8.36666667,47.53333333,37,67,73,Swollen boot,Spikes appearing minus,One fourth of spikes appeared plus,Anthesis stage I,Anthesis stage III,,check,1,0,1,0,1,1.2
L65,DOY1/AE.SQUARROSA (447)/3/KA/NAC//TRCH/4/...,2,2,5,6,3.4436942117204996,14.930685764475596,39.8380247032207,25.6907899319209,31,3,8.34,3.94,4.08,96.9186190057605,47.4025443181524,115.5,43.14444443048889,9,36.375,27.03333333,71,80,Booting,Swollen boot,Awns appearing minus,Spikes appearing,Three fourth of spikes appeared,Watery stage minus,L65,line,1,0,1,0,2.2
2,Bhrikuti,2,2,6,6,3.6963260618325,16.2006689277625,35.849543176605,25.690696159111,38,3.5,7.75,7.56,4.82,110.19273699,68.4635154057414,99,44.256666661000004,9.8,40.6,25.35,62,72,Spikes appearing,Half spikes appeared,Three fourth of spikes appeared,Anthesis stage II,Anthesis stage IV,,check,2,0,1,0,1,2.2
4,Tilottama,2,2,7,6,3.5920869567724996,17.51830860804871,40.319255443305,25.0883715856441,33,1.5,7.81,5.73,4.13,103.958552405,60.4751153851517,102,36,6.06666667,45.63333333,32.75,64,73,Spikes appearing,Spikes appearing plus,Half spikes appeared,Anthesis stage I,Anthesis stage III minus,,check,4,0,1,0,1,2.2
3,Gautam,2,2,8,6,3.89742275552174,18.92689194656554,36.6628390929141,26.35388548155,33,1,7.52,6.88,3.39,112.539089381731,68.3040287254413,112,57.7499999895,5.56666667,44.53333333,41.23333333,67,74,Swollen boot,Spikes appearing minus,One fourth of spikes appeared,Anthesis stage I minus,Anthesis stage II plus,,check,3,0,1,0,1,2.2
L103,PREMIO/BAVIS,3,2,9,6,,15.020522610740034,,,47,2.5,7.73,5.81,3.98,99.608609092,55.4718272942458,101,46.9733333243,11.691666666666599,42.16666667,43,75,84,Before booting,Before booting,Before booting,Swollen boot minus,Awns appearing plus,Late anthesis,L103,line,1,0,1,0,3.2
2,Bhrikuti,3,2,10,6,4.25504823974763,15.71653299869316,41.6034722142075,28.3482570648218,38,3.5,8.28,7.25,6.72,124.255428911761,103.758534970466,104.5,37.51875,11.2555555555555,44.975,36.16666667,66,78,Awns appearing,Spikes appearing minus,One fourth of spikes appeared,Three fourth of spikes appeared,Anthesis stage II,,check,2,0,1,0,1,3.2
L69,MILAN//PRL/2*PASTOR/4/CROC_1/AE.SQUARROSA (2...,3,2,11,6,,17.359966126877747,,,33,2,7.95,4.54,3.79,98.47231023776,61.0112081270993,99.5,37.991249999999994,12.344444444444402,45.025,32.96666667,75,85,Before booting,Before booting,Before booting,Booting,Spikes appearing,Watery stage minus,L69,line,1,0,1,0,3.2
3,Gautam,3,2,12,6,2.421454031738,17.360154656629597,44.8126369388385,27.212936308766,19,1.5,7.74,7.46,4.62,110.238594846,93.6608239100766,105,39.1666666745,10.9000000033333,44.8,42.3,69,78,Swollen boot,Swollen boot,Awns appearing plus,One fourth of spikes appeared,Spikes have fully emerged minus,,check,3,0,1,0,1,3.2
3,Gautam,4,2,13,6,2.70601701602145,16.497552213881892,39.8793477648783,26.3797116464444,18,2.5,8.16,7.16,5.57,111.787495583,104.334083654803,106,45.12444442998889,11.1555555522222,46.9,37,71,78,Booting,Swollen boot plus,Awns appearing minus,One fourth of spikes appeared,Spikes have fully emerged minus,,check,3,0,1,0,1,4.2
L48,CHIBIA//PRLII/CM65531/3/MISR 2*2/4/...,4,2,14,6,,14.278102843246975,,,27,2,8.13,5.17,4.59,97.6679595515902,74.9779557897829,107.5,31.150000005,11.636111111111099,45.925,39.86666667,73,84,Before booting,Booting,Swollen boot minus,Swollen boot,One fourth of spikes appeared,Watery stage minus,L48,line,1,0,1,0,4.2
4,Tilottama,4,2,15,6,4.09517639571499,15.668977777259864,37.4499810175366,25.9140293268903,34,3.5,7.57,7.33,4.15,113.167108716378,84.0139910824389,99,35.3466666747,11.6,48.4,26.25,62,70,Spikes appearing,One fourth of spikes appeared plus,Spikes have fully emerged,Anthesis stage III,Anthesis stage IV,,check,4,0,1,0,1,4.2
4,Tilottama,4,2,16,6,3.1482709420539097,15.956427588538137,39.1271477949643,26.9414636318954,32,4.5,7.97,7.56,5.33,102.232244866988,92.4606351003154,100,34.138125,11.23333333,44.56666667,31.15,64,72,Spikes appearing,One fourth of spikes appeared,Half spikes appeared plus,Anthesis stage II,Anthesis stage III,,check,4,0,1,0,1,4.2
L70,TRCH/SRTU//KACHU/3/KINGBIRD #1,5,2,17,6,3.57459133226323,15.783899899106068,44.6122157935186,23.6784494904173,28,2.5,8.56,5.51,5.1,107.834949150398,64.8309732948071,101.5,33.493333328,12.15,44.4,39.03333333,75,86,Before booting,Before booting,Before booting,Before booting,Awns appearing,Late anthesis,L70,line,1,0,1,0,5.2
L19,SUP152/KENYA SUNBIRD,5,2,18,6,3.7402932450536097,14.178913074584342,31.9885781900109,30.9232067286339,35,2.5,8,3.83,2.26,88.7323196419314,32.1078920384725,96.5,40.33875,11.725,42.2,39.25,63,73,Spikes appearing,One fourth of spikes appeared,Three fourth of spikes appeared minus,Anthesis stage I,Anthesis stage II,Milky stage plus,L19,line,1,0,1,0,5.2
1,Aditya,5,2,19,6,3.1626133518666704,16.042789454055296,31.9925539015386,25.5507606097842,30,3,7.5,6.28,4.02,100.205201125562,59.135695102067,112,31.5,12.13333333,43.96666667,59,68,78,Swollen boot,Awns appearing,Spikes appearing,Three fourth of spikes appeared,Anthesis stage II,,check,1,0,1,0,1,5.2
4,Tilottama,5,2,20,6,3.83748431208474,17.60375814323297,37.3812765382141,26.9036750186387,37,1,8.31,6.61,5.71,107.270859474334,83.4978466429864,97,20.9,11.76666667,43.63333333,53.6,63,73,Spikes appearing,Spikes appearing,Three fourth of spikes appeared minus,Anthesis stage I,Anthesis stage III plus,,check,4,0,1,0,1,5.2
L36,SERI.1B*2/3/KAUZ*2/BOW//KUZ/4/CIRCUS/5/...,5,2,20,5,2.49899538829558,14.320497510011995,40.5801149970567,22.3488233477768,28,3.5,7.69,3.51,1.38,81.3812712611617,35.5079973458234,95.5,25.5,11.725,43,26.3,72,78,Before booting,Swollen boot,Awns appearing,One fourth of spikes appeared,Three fourth of spikes appeared,Milky stage,L36,line,1,0,1,0,5.2
L90,BECARD*2/PFUNYE #1,5,2,19,5,2.90823085428928,16.17410970992605,38.2025862754183,27.9722871199946,41,6,8.38,4.36,4.31,96.0049704185084,56.7811819211403,105,44.7125,11.325,48.15,43.23333333,73,82,Before booting,Booting minus,Swollen boot,Swollen boot plus,Half spikes appeared,Watery stage minus,L90,line,1,0,1,0,5.2
4,Tilottama,5,2,18,5,3.55880816512759,16.3096152651274,35.0570067291379,27.6193812654249,34,3.5,7.77,6.21,4.55,103.690543053547,71.1942561857556,104,42.400000000000006,11.5,42,28.9,64,72,Spikes appearing,One fourth of spikes appeared plus,Half spikes appeared,Anthesis stage II,Anthesis stage IV,,check,4,0,1,0,1,5.2
3,Gautam,5,2,17,5,3.24624832316165,18.179897340714614,40.654705699461,29.4658923429784,28,1.5,7.78,7.56,5.19,106.573543183952,92.4037464128286,106,45.47111109658889,11.03333333,42,34.8,68,78,Swollen boot,Swollen boot,Spikes appearing,One fourth of spikes appeared,Anthesis stage II,,check,3,0,1,0,1,5.2
L52,MUNAL #1/5/2*PRL/2*PASTOR/4/CHOIX/STAR/3/...,4,2,16,5,3.07309949347672,12.33265725965398,42.4155853221962,23.4399295463936,30,4,8.42,4.43,3.96,89.913883571,53.0084939432021,102.5,24.4325,11.850000000000001,42.55,36.13333333,73,80,Before booting,Booting,Swollen boot minus,Spikes appearing plus,Three fourth of spikes appeared,Milky stage,L52,line,1,0,1,0,4.2
L14,PASTOR/3/VORONA/CN079//KAUZ/4/MILAN/OTUS//..,4,2,15,5,2.8483494065003496,15.925594716633457,33.7876356770453,26.9390960225994,39,4,8.6,5.77,5.51,107.1574646037,72.1022416547637,102,43.7125,11.274999999999999,40.65,40.93333333,74,84,Before booting,Booting,Booting,Booting plus,Spikes appearing plus,Watery stage minus,L14,line,1,0,1,0,4.2
2,Bhrikuti,4,2,14,5,3.2566760136437596,17.13873285587879,43.47581290628,25.7643649917489,27,1.5,8.26,7.88,6.94,112.594984648,102.95300178268,96,53.62444446008889,11.166666670000001,43.96666667,38.35,67,78,Awns appearing,Spikes appearing minus,One fourth of spikes appeared minus,Three fourth of spikes appeared,Anthesis stage I plus,,check,2,0,1,0,1,4.2
2,Bhrikuti,4,2,13,5,3.2,18.058743718917007,38.8368047205008,25.0912630747708,26,1.5,8.25,6.93,5.69,116.0286254254,82.6460514177881,92,35.38888889041112,10.533333329999998,41.4,39.05,68,78,Awns appearing,Awns appearing,Spikes appearing,Three fourth of spikes appeared,Anthesis stage I,,check,2,0,1,0,1,4.2
2,Bhrikuti,3,2,12,5,2.6902023039481504,18.083137449926653,36.0363381024381,28.697200943143,17,2,8.25,7.16,6.97,103.27414175026,96.0059922335421,89,45.066666658,11.6,46.73333333,43.05,69,78,Swollen boot,Awns appearing minus,Awns appearing plus,Half spikes appeared,Spikes have fully emerged minus,,check,2,0,1,0,1,3.2
L23,BAVIS/VORB/5/CROC_1/AE.SQUARROSA(205)//...,3,2,11,5,2.5792503273254797,14.998824753409833,45.7606462609176,23.4145810296088,23,6,7.5,1.84,0.57,62.59135761793,9.13270412652936,114,23.49,12.8916666666666,36.76666667,27.83333333,65,73,Awns appearing plus,Spikes appearing,One fourth of spikes appeared,Anthesis stage I,Anthesis stage III minus,Hard dough stage,L23,line,1,0,1,0,3.2
3,Gautam,3,2,10,5,3.03882467020993,16.865890920661496,40.5016106715596,29.3598809501759,24,2.5,8.8,7.56,6.97,117.53898803824,100.450753314985,115,46.676666673,12.7333333333333,44.33333333,39.75,68,78,Swollen boot,Swollen boot plus,Spikes appearing plus,Half spikes appeared,Anthesis stage II,,check,3,0,1,0,1,3.2
L105,BABAX/LR42//BABAX*2/4/SNI/TRAP#1/3/KAUZ*2/...,3,2,9,5,4.1522592,17.115873115443797,41.4874242127735,26.8874666393436,38,4.5,7.8,5.41,4.21,104.567233071389,65.4700400410101,103,40.90625,13.675,42.7,27.5,74,80,Before booting,Before booting,Booting plus,Spikes appearing,One fourth of spikes appeared plus,Late anthesis,L105,line,1,0,1,0,3.2
4,Tilottama,2,2,8,5,2.67424079463943,17.167753007757117,36.7620769025312,26.4776116805093,27,3.5,7.63,7.25,4.14,102.327808196287,75.8942528376742,104,27.573333328000004,4.600000000000001,44.4,35.45,65,73,Awns appearing,Spikes appearing plus,Half spikes appeared,Anthesis stage I,Anthesis stage III plus,,check,4,0,1,0,1,2.2
3,Gautam,2,2,7,5,3.5982753603317397,17.038464387329494,46.3478548131449,25.8036998941613,31,2,8.14,8.05,6.89,122.143921062667,116.860459081189,110,34.906666661,3.56666667,42.2,33.85,66,72,Awns appearing,Spikes appearing plus,Half spikes appeared minus,Anthesis stage II,Anthesis stage IV,,check,3,0,1,0,1,2.2
L42,KACHU/2*MUNAL #1,2,2,6,5,,,,,33,6,8.6,6.05,6.04,109.78803608565,81.7707990587306,106.5,32.2,5.300000000000001,45.625,28.4,68,74,Swollen boot,Awns appearing,Spikes appearing,Anthesis stage I minus,Anthesis stage III,Watery stage plus,L42,line,1,0,1,0,2.2
1,Aditya,2,2,5,5,3.38406106781415,16.305551103569442,35.8240604178343,25.642733932101,32,3,8.37,8.2,7.48,117.364102157082,108.04559037404,107,28.20222222191111,4.366666670000001,42.66666667,42.1,68,78,Swollen boot,Awns appearing minus,Spikes appearing,Three fourth of spikes appeared,Anthesis stage II,,check,1,0,1,0,1,2.2
L80,PAURAQ/8/NG8201/KAUZ/4/SHA7//PRL/VEE#6/3/...,1,2,4,5,2.7309455773354596,19.67579420933831,42.5427029776981,27.1121010272974,27,3,8.8,5.34,5.19,100.682400987116,70.7333773945856,100.5,46.188125,6.899999999999999,45.5,36.2,75,85,Before booting,Before booting,Before booting,Booting,Awns appearing minus,Late anthesis,L80,line,1,0,1,0,1.2
1,Aditya,1,2,3,5,3.47083360749245,16.75513555077972,38.0299766861076,25.9601322424645,30,2,8,7.88,5.18,118.272190564476,109.018788555009,107,32.7599999937,5.600000000000001,45.2,34.15,68,78,Swollen boot,Awns appearing plus,Spikes appearing plus,Three fourth of spikes appeared,Anthesis stage II,,check,1,0,1,0,1,1.2
L63,PFAU/MILAN//TROST/3/PBW65/2*SERI.1B*2/4/...,1,2,2,5,2.82553020710706,18.01623484679103,37.8767310397906,29.2577538323684,27,6,8.53,5.77,5.52,102.0543824615,81.6651456637595,97.5,35.621249999999996,7.2964285714285,45.225,39.53333333,74,81,Before booting,Before booting,Booting plus,Spikes appearing minus,One fourth of spikes appeared,Watery stage,L63,line,1,0,1,0,1.2
4,Tilottama,1,2,1,5,3.34806840623226,16.73286246954074,40.220764781817,26.1168545089073,24,5,7.77,6.21,4.96,102.654638623831,88.7778602070725,98,22.5033333281,6.809523812857101,49.46666667,28.95,64,72,Spikes appearing,Spikes appearing plus,Half spikes appeared,Anthesis stage II,Anthesis stage III plus,,check,4,0,1,0,1,1.2
3,Gautam,1,2,1,4,3.6326520672596496,16.3397865143219,40.8068661183375,27.6054342561639,28,3,7.82,7.56,4.29,115.090640999567,80.2065774524722,108,25.249999994999996,8.147619044285701,44.26666667,35.65,64,72,Spikes appearing,Spikes appearing,Half spikes appeared minus,Anthesis stage II,Anthesis stage III,,check,3,0,1,0,1,1.2
4,Tilottama,1,2,2,4,3.7995663431103797,14.855000884731183,34.5332137,26.3390211717652,38,4,8,6.13,3.82,107.213586040147,73.1001049523798,94,23.333333327499997,8.952380955714201,44.66666667,22.7,60,70,One fourth of spikes appeared,Half spikes appeared plus,Spikes have fully emerged plus,Anthesis stage III,Anthesis stage IV plus,,check,4,0,1,0,1,1.2
L93,MUNAL #1/3/PBW343*2/KUKUNA*2//YANAC,1,2,3,4,4.830529694,15.315793266542103,43.068130041416,26.2284456890092,30,5,8.75,4.33,3.53,98.267379642301,47.4955707860955,95,32.878125,9.7321428571428,42.025,31.43333333,72,80,Booting,Swollen boot,Swollen boot,Spikes appearing,Half spikes appeared,Watery stage plus,L93,line,1,0,1,0,1.2
2,Bhrikuti,1,2,4,4,3.8318138671815003,16.357297478713697,38.2825265598092,27.0016685609551,31,4,8.43,7.26,6.33,118.715441267202,94.556733149883,104,40.27555555191111,9.361904758571402,46.63333333,30.75,64,72,Spikes appearing,Spikes appearing plus,Half spikes appeared,Anthesis stage II,Anthesis stage IV minus,,check,2,0,1,0,1,1.2
1,Aditya,2,2,5,4,2.62819781588085,16.86744445456016,34.387009891747,25.4866038999526,26,3.5,8.19,7.28,6.59,115.937717427368,88.9152096894557,106,39.7500000075,9.166666670000001,44.33333333,33.35,70,76,Booting,Awns appearing,Spikes appearing,Spikes have fully emerged minus,Anthesis stage I plus,,check,1,0,1,0,1,2.2
L71,TRCH/SRTU//KACHU/3/KINGBIRD #1,2,2,6,4,3.98340553537326,15.220545914768737,42.7404552707609,22.8202313224434,47,6,7.71,5.03,4.53,122.33929751,58.0305361615386,97.5,32.511250000000004,9.810714285714202,43.73333333,33.2,75,84,Before booting,Before booting,Before booting,Swollen boot,One fourth of spikes appeared,Late anthesis,L71,line,1,0,1,0,2.2
2,Bhrikuti,2,2,7,4,3.9398681720756903,15.532929972045492,36.454782930321,24.5945328743247,35,3,7.96,6.93,5.44,111.154938186757,87.6236357318493,106.5,27.37777778888889,8.771428571428498,44.93333333,35.6,61,72,One fourth of spikes appeared,One fourth of spikes appeared plus,Three fourth of spikes appeared plus,Anthesis stage II,Anthesis stage III plus,,check,2,0,1,0,1,2.2
L16,KIRITATI/ 2*WBLL1/3/TAM200/PASTOR//TOBA97/4/...,2,2,8,4,3.8274362233262,18.570071880545623,44.0886247488223,30.5704072980745,31,5,8.1,5.01,4.04,94.2127775277289,63.0708083366845,101,54.949999999999996,9.832142857142799,46.6,39.2,73,80,Before booting,Booting,Swollen boot minus,Spikes appearing,Three fourth of spikes appeared,Watery stage,L16,line,1,0,1,0,2.2
4,Tilottama,3,2,9,4,3.57817342590082,18.378842389745017,29.931597051296002,27.1496372377619,36,3.5,7.73,6.36,5.12,96.1423370277708,69.867040241957,111,29.439999999999998,11.5666666666666,42.66666667,37.05,64,73,Spikes appearing,Spikes appearing,Half spikes appeared minus,Anthesis stage I,Anthesis stage III,,check,4,0,1,0,1,3.2
L51,MUNAL #1/5/2*PRL/2*PASTOR/4/CHOIX/STAR/3/...,3,2,10,4,,13.272121241482925,,,27,6,8.4,4.46,3.09,95.1185784454899,38.652351505852,105,24.255,12.1083333333333,42.425,32.33333333,73,78,Before booting,Booting,Swollen boot minus,One fourth of spikes appeared,Three fourth of spikes appeared plus,Milky stage,L51,line,1,0,1,0,3.2
1,Aditya,3,2,11,4,2.82268891763,15.66849537398511,36.450633707071,25.3674739733275,26,3,8.24,7.88,6.95,107.4180979825,98.562253332878,107.5,32.39444443238889,12.13333333,41.6,42.75,68,78,Swollen boot,Swollen boot plus,Spikes appearing,Half spikes appeared,Anthesis stage II,,check,1,0,1,0,1,3.2
L102,PREMIO/5/TUI//2*SUNCO/SA1166/3/TUI/4/FINSI/...,4,2,13,4,2.8814426947548997,13.650965489159075,39.1086324942663,21.1164069489392,35,4,8.75,7.01,6.52,103.207616851023,95.5511759386599,94.5,29.17875,11.7666666666666,48.875,42.33333333,74,82,Before booting,Booting,Booting,Awns appearing,Spikes appearing,Watery stage minus,L102,line,1,0,1,0,4.2
L74,DANPHE/3/PBW343*2/KUKUNA//PBW343*2/KUKUNA,4,2,14,4,3.2828006420545597,16.02613722028332,37.087432783676,24.4684593574972,27,4,8.6,4.31,3.69,94.3929827171117,62.1106837942322,112,30.47625,12.675,50.175,37.1,75,85,Before booting,Before booting,Before booting,Booting,Booting,Late anthesis,L74,line,1,0,1,0,4.2
3,Gautam,4,2,15,4,3.3816914350645,18.066746818620587,35.7170591113495,25.9793976508243,25,3,7.33,6.43,3.84,101.389666330494,69.5776661926813,105,50.47777776248889,12.366666663333298,47.4,41.7,70,78,Booting,Swollen boot minus,Spikes appearing minus,Half spikes appeared,Anthesis stage I,,check,3,0,1,0,1,4.2
1,Aditya,4,2,16,4,3.1283676215850003,14.67008644537194,39.3695619307929,26.6757114987695,28,4,7.79,6.61,4.56,99.7807687997987,76.9911986138646,102,42.116666673,10.399999996666601,46.06666667,26.8,69,78,Swollen boot,Swollen boot,Awns appearing plus,Half spikes appeared,Anthesis stage I minus,,check,1,0,1,0,1,4.2
3,Gautam,5,2,17,4,3.1226929161631896,17.318796369533814,36.8226599281364,28.4970518775791,24,2,7.23,6.65,3.07,95.9247597164177,68.6184575793865,101,41.149999995,10.23333333,44.63333333,39.3,68,78,Swollen boot,Awns appearing minus,Spikes appearing plus,Three fourth of spikes appeared,Anthesis stage I plus,,check,3,0,1,0,1,5.2
L11,SWSR22T.B./5/KAUZ//ALTAR 84/AOS/3/KAUZ/4/...,5,2,18,4,,,,,28,2,8.84,5.97,6.06,113.053657586504,86.1466503784734,93,26.166666660125,10.766666666666602,42.65,37.33333333,75,86,Before booting,Before booting,Before booting,Before booting,Booting,Late anthesis,L11,line,1,0,1,0,5.2
L104,CHIYAK//ND643/2*WAXWING/3/ND643/2*WAXWING,5,2,19,4,,,,,30,6,7.45,3.43,0.65,83.4581837797268,30.9394806533105,94,25.69,11.3333333333333,43.025,21.46666667,73,80,Before booting,Booting,Swollen boot minus,Spikes appearing plus,Three fourth of spikes appeared,Milky stage,L104,line,1,0,1,0,5.2
2,Bhrikuti,5,2,20,4,3.0192810469265297,17.660541392336384,42.773126226,25.5407316694539,23,5,7.9,7.55,5.33,106.579686036567,84.0230496323596,87,32.293333338,9.716666669999999,46.06666667,21.5,66,72,Awns appearing,Spikes appearing,Half spikes appeared minus,Anthesis stage II,Anthesis stage IV minus,,check,2,0,1,0,1,5.2
4,Tilottama,5,1,20,3,3.9524259615524198,16.477587235185563,36.355212779882,29.8325141159563,40,3,7.45,6.61,2.77,108.815551288082,52.0744197816339,85,29.291111099688887,11.0333333366666,47.63333333,20,63,72,Spikes appearing,One fourth of spikes appeared plus,Three fourth of spikes appeared,Anthesis stage II,Anthesis stage IV,,check,4,0,1,0,1,5.1
L30,PREMIO//PARUS/PASTOR,5,1,19,3,4.1513259,20.143871145116503,42.7700692312475,30.3319020900215,32,1,8.13,5.27,5.26,98.7221762935776,88.2884850707925,95.5,51.743750000000006,11.683333333333302,51.5,43.26666667,75,85,Before booting,Before booting,Before booting,Booting,Swollen boot,Watery stage minus,L30,line,1,0,1,0,5.1
2,Bhrikuti,5,1,18,3,3.5498747759433,15.088834081523059,31.4501511569172,27.815323400473,28,2.5,7.41,7.16,4.29,105.916778041947,100.787144318177,92,23.549999999999997,11.73333333,45.3,19,64,73,Spikes appearing,Spikes appearing plus,Half spikes appeared minus,Anthesis stage I,Anthesis stage III,,check,2,0,1,0,1,5.1
1,Aditya,5,1,17,3,2.85575905382923,16.690512670120413,31.402214292200497,28.2123536904805,26,1.5,7.81,6.85,5.04,112.898434673152,69.7508513107771,95,33.7425,11.06666667,44.1,40.25,66,76,Awns appearing,Spikes appearing minus,One fourth of spikes appeared,Spikes have fully emerged,Anthesis stage III minus,,check,1,0,1,0,1,5.1
L3,KACHU/BECARD//WBLL1*2/BRAMBLING,4,1,16,3,3.1027046968885603,19.032591666943027,29.3621562117664,23.5102298614935,40,1.5,8.57,6.71,6.58,118.484227448042,76.8208624726673,106,36.9233333403,13.350000000000001,50.15,39.03333333,74,81,Before booting,Booting minus,Booting,Spikes appearing minus,One fourth of spikes appeared,Watery stage minus,L3,line,1,0,1,0,4.1
3,Gautam,4,1,15,3,2.19522230512954,16.886556630704487,37.4038178939498,28.5238396167849,18,1,8.17,6.93,5.79,97.9266010966433,76.9260807899547,108,40.73625,11.5,38.76666667,30.5,70,78,Booting,Awns appearing plus,Spikes appearing,Three fourth of spikes appeared,Anthesis stage II,,check,3,0,1,0,1,4.1
L27,WBLL1*2/BRAMBLING//TAM200/TUI/3/...,4,1,14,3,,17.076050203120325,,,39,1.5,8.13,3.19,2.3,83.1258178190341,40.1043389266382,103.5,41.940000000000005,11.524999999999999,41.6,39.53333333,75,86,Before booting,Before booting,Before booting,Before booting,Before booting,Late anthesis,L27,line,1,0,1,0,4.1
1,Aditya,4,1,13,3,2.8232658777195097,16.629429850235873,30.7045129167698,26.8740490056374,27,2.5,8.09,7.88,6.77,113.036085837026,92.9719369928818,106,17.290000000000003,10.33333333,44.46666667,40.45,70,78,Swollen boot minus,Swollen boot minus,Spikes appearing minus,Half spikes appeared,Anthesis stage I,,check,1,0,1,0,1,4.1
L39,KACHU*2/MUNAL #1,3,1,12,3,2.7175786935044703,14.076486460267196,46.8017330404462,23.485539407625,28,2,8.22,6.41,6.32,104.41912941764,93.3912083930177,99,41.02222222011111,10.05,42.225,39.1,75,85,Before booting,Before booting,Before booting,Booting,Spikes appearing minus,Late anthesis,L39,line,1,0,1,0,3.1
3,Gautam,3,1,11,3,2.7416678870195597,17.658887153938124,29.208144402530998,28.0132250306765,18,2,8,7.25,6.71,115.001046286844,99.4430385514137,109,28.555555555711113,9.975000000000001,46.36666667,35.7,69,76,Booting,Awns appearing plus,Spikes appearing plus,Spikes have fully emerged,Anthesis stage III minus,,check,3,0,1,0,1,3.1
1,Aditya,3,1,10,3,2.37261883987072,16.64098611330458,28.8012239715494,28.8696798931456,21,1.5,8.38,6.93,6.72,106.49508738534,84.6936078272254,106,40.233333339000005,9.45,45.36666667,36.5,68,78,Swollen boot,Spikes appearing minus,Spikes appearing,Three fourth of spikes appeared,Anthesis stage I,,check,1,0,1,0,1,3.1
1,Aditya,3,1,9,3,3.43882436791949,16.926068024645165,31.1569036355452,27.3187355068489,29,3,8.36,6.85,6.12,112.137746156887,94.1199132260137,105,31.917499999999997,9.25833333,46.8,38.5,68,78,Swollen boot,Awns appearing minus,Spikes appearing,Three fourth of spikes appeared,Anthesis stage I plus,,check,1,0,1,0,1,3.1
L78,KACHU/6/YAR/AE.SQUARROSA (783)/4/GOV/AZ//...,2,1,8,3,2.87071055024047,11.658977278892394,42.6701088286647,23.712930804762,28,3,8.14,5.49,5.19,105.747766180411,81.7388063396027,94.5,37.813333328,9.6928571428571,39.8,29.83333333,67,77,Swollen boot,Awns appearing plus,One fourth of spikes appeared minus,Three fourth of spikes appeared plus,Anthesis stage III,Soft dough stage,L78,line,1,0,1,0,2.1
3,Gautam,2,1,7,3,2.77838261359629,16.933110350575824,34.9218440889241,28.7537188676072,21,2,8.02,6.21,4.2,111.469094646508,68.4789828125282,103,40.6075,9.2952380985714,44.2,38.1,66,72,Swollen boot,Spikes appearing,Half spikes appeared,Anthesis stage II,Anthesis stage III minus,,check,3,0,1,0,1,2.1
L73,BECARD #1/3/PBW343*2/KUKUNA//PBW343*2/KUKUNA,2,1,6,3,3.8744873194221396,16.356577564522432,39.6799273529633,28.8073258547903,35,2.5,7.75,6.21,4.78,105.189404509272,80.4718591460424,102.5,47.1700000089,8.714285714285701,46.55,36.33333333,73,82,Before booting,Booting,Swollen boot minus,Awns appearing,One fourth of spikes appeared minus,Late anthesis,L73,line,1,0,1,0,2.1
2,Bhrikuti,2,1,5,3,2.7695909574252697,14.767514741746,37.2469700308816,28.0585515080941,25,1,7.95,7.56,5.94,112.672594805134,85.2502386127819,99,52.89375,8.23333333,43.5,34.85,67,76,Awns appearing,Awns appearing,Spikes appearing plus,Spikes have fully emerged,Anthesis stage I,,check,2,0,1,0,1,2.1
L31,ND643/2*WBLL1//ND643/2*WAXWING,1,1,4,3,3.80744845199923,16.314427218039853,46.8665028894709,23.93044019411,37,2.5,8.74,6.81,6.66,115.806476146941,96.5203446548924,96.5,44.366666658599996,9.7083333333333,46.65,35.56666667,71,81,Booting,Booting plus,Swollen boot plus,Spikes appearing minus,Half spikes appeared,Watery stage minus,L31,line,1,0,1,0,1.1
4,Tilottama,1,1,3,3,3.4344080250663804,16.48556874989854,28.4056301928989,30.4118866773805,34,1,8.49,5.85,5.84,107.143509145305,73.0450339341453,99,29.244444455888893,8.833333336666602,44.23333333,35.75,63,70,Spikes appearing,One fourth of spikes appeared,Three fourth of spikes appeared,Anthesis stage III,Anthesis stage IV,,check,4,0,1,0,1,1.1
L64,PFAU/MILAN//TROST/3/PBW65/2*SERI.1B*2/4/...,1,1,2,3,,,,,37,3,8.51,5.91,5.85,102.973162751152,96.0499063594503,104,43.1775,9.875,51.9,49.5,75,86,Before booting,Before booting,Before booting,Before booting,Swollen boot minus,Late anthesis,L64,line,1,0,1,0,1.1
2,Bhrikuti,1,1,1,3,3.98861878990152,18.479678494592417,35.8324519072815,27.1173488453564,32,2,8.22,6.93,5.67,113.466981635362,102.954817848166,93,30.293333328000003,8.3333333333333,49,38.15,63,72,Spikes appearing,One fourth of spikes appeared,Three fourth of spikes appeared,Anthesis stage II,Anthesis stage IV plus,,check,2,0,1,0,1,1.1
L107,YUK/AE.SQUARROSA (217)//2*PANDORA,1,1,1,2,2.5111889847753,13.777704428475776,39.4347566269039,22.3442622890503,30,6,7.92,6.36,5.01,102.68795142235,92.8969616061634,97,56.746666673,8.5416666666666,51.575,38.5,68,78,Swollen boot,Awns appearing plus,Spikes appearing plus,Three fourth of spikes appeared,Spikes have fully emerged,Watery stage,L107,line,1,0,1,0,1.1
1,Aditya,1,1,2,2,2.65642001817886,15.074383229274837,35.4764906538685,27.2575761292224,22,3,8.2,8.2,6.83,101.424121402408,104.602907886341,105,33.475,8,47.4,35.05,68,78,Swollen boot,Spikes appearing minus,Spikes appearing plus,Three fourth of spikes appeared,Anthesis stage I plus,,check,1,0,1,0,1,1.1
L61,PASTOR/3/VORONA/CN079//KAUZ/4/MILAN/OTUS//...,1,1,3,2,,14.174933238947704,,,30,4,8.19,3.83,3.46,92.3442100168804,63.5837407262885,109.5,39.990625,9.6333333333333009,41.975,35.1,74,80,Before booting,Before booting,Booting,Spikes appearing,Three fourth of spikes appeared,Watery stage,L61,line,1,0,1,0,1.1
4,Tilottama,1,1,4,2,2.8774260519647497,16.528598882918043,32.7405818836215,27.4864438216536,28,3,7.99,6.05,5.35,111.329853373463,67.5046896375006,106,32.638888890611106,9.266666666666598,43.3,21.45,62,72,Spikes appearing,One fourth of spikes appeared minus,Three fourth of spikes appeared plus,Anthesis stage II,Anthesis stage III plus,,check,4,0,1,0,1,1.1
L47,CHIBIA//PRLII/CM65531/3/MISR 2*2/4/...,2,1,5,2,3.4502782617493697,15.219760158112464,42.4359875191814,26.4829806819253,30,3,8.36,6.67,6.03,111.29436948057,90.8656164271738,101,49.209999999999994,8.900000000000002,45.45,38.7,73,82,Before booting,Booting,Swollen boot,Awns appearing plus,One fourth of spikes appeared,Late anthesis,L47,line,1,0,1,0,2.1
L97,FRET2*2/4/SNI/TRAP#1/3/KAUZ*2-TRAP//KAUZ*2/...,2,1,6,2,1.4597443120507099,15.883338653866407,32.4636731311114,26.4140357616882,27,8,8.09,2.94,1.1,84.4971319801531,16.5179116556842,107,42.52444443048889,10.1833333333333,38.975,27.03333333,74,82,Before booting,Before booting,Booting,Awns appearing plus,Half spikes appeared plus,Watery stage,L97,line,1,0,1,0,2.1
2,Bhrikuti,2,1,7,2,3.5618530388156397,17.260237577960236,36.222057556333,26.7888767452992,29,5,7.94,6.13,5.07,105.482938770057,87.4178758225982,97,37.15555555911111,10.516666666666598,44.73333333,32.3,65,73,Awns appearing,Spikes appearing,Half spikes appeared plus,Anthesis stage I,Anthesis stage III,,check,2,0,1,0,1,2.1
1,Aditya,2,1,8,2,2.39874871751581,17.5199916022949,40.0182524073462,27.4810094996425,18,2,8.59,6.35,6.07,101.894746607961,93.0082824338573,107,62.933333344,7.900000000000002,48.2,42,68,78,Swollen boot,Awns appearing minus,Spikes appearing,Three fourth of spikes appeared,Anthesis stage I plus,,check,1,0,1,0,1,2.1
L35,KIRITATI/ 2*WBLL1/8/SHA7/ PRL/VEE#6/ 3/ FASAN/...,3,1,9,2,,13.487972932449251,,,32,7,8.01,5.06,4.54,98.8516269093297,59.0900234775651,106,39.2,10.025000000000002,38.775,32.26666667,73,78,Before booting,Swollen boot minus,Swollen boot,One fourth of spikes appeared,Three fourth of spikes appeared plus,Watery stage plus,L35,line,1,0,1,0,3.1
L59,KAUZ*2/BOW//KAUZ/3/W98.6.38/5/SABUF/4/...,3,1,10,2,,16.427404071020256,,,26,3,8.09,5.77,5.62,107.162388009958,70.2314075201612,105,54.2666666568,10.7,47.825,33.9,73,80,Before booting,Booting,Swollen boot minus,Spikes appearing,Half spikes appeared,Watery stage,L59,line,1,0,1,0,3.1
2,Bhrikuti,3,1,11,2,3.56065613971362,16.862949080577383,35.4863849114858,27.6711599043548,30,6,8.45,6.53,5.65,113.479322148418,89.4086898064079,105,36.776250000000005,10.450000000000001,44.9,23.25,65,73,Awns appearing,Spikes appearing,Half spikes appeared plus,Anthesis stage I,Anthesis stage III minus,,check,2,0,1,0,1,3.1
3,Gautam,3,1,12,2,3.8585378598472504,17.53340660960784,37.8245558461358,27.9194970969093,32,2,8.33,6.53,6.2,110.837468982766,94.3430217252999,111,34.2,8.625,46.5,43.45,68,78,Swollen boot,Awns appearing plus,Spikes appearing plus,Half spikes appeared,Anthesis stage III minus,,check,3,0,1,0,1,3.1
3,Gautam,4,1,13,2,2.6683139699188496,15.66126709101426,35.0366175410045,26.2087041523518,23,2,8.36,6.61,5.58,103.704954067793,87.239365047882,109,44.38888889311111,9.333333329999999,40.2,39.6,69,78,Swollen boot,Swollen boot plus,Awns appearing plus,One fourth of spikes appeared,Anthesis stage I,,check,3,0,1,0,1,4.1
4,Tilottama,4,1,14,2,2.9726280416567903,16.46215073994701,37.6254093167199,25.8899301991197,28,6,8.19,6.93,6.43,115.114047101764,92.4803490547237,94,42.755555553111115,9.912499999999998,42.03333333,36,64,72,Spikes appearing,Spikes appearing plus,Half spikes appeared minus,Anthesis stage II,Anthesis stage III,,check,4,0,1,0,1,4.1
1,Aditya,4,1,15,2,3.2129480330353903,16.919164233127567,41.2920067689033,27.2366507006025,30,4,8.08,7.56,6.84,117.765149398407,102.826752733417,102,46.811249999999994,8.958333329999999,42.73333333,33.95,70,78,Booting,Swollen boot plus,Spikes appearing,Three fourth of spikes appeared,Anthesis stage II,,check,1,0,1,0,1,4.1
L68,SOKOLL/WBLL1/4/D67.2/PARANA 66.270//...,4,1,16,2,3.14423642590664,19.13593695031007,36.0941385948419,30.7504714838312,27,8,8.38,5.57,5.48,107.564031566431,70.2539670667108,98.5,46.765625,9.037500000000001,41.575,28.36666667,73,80,Before booting,Booting,Swollen boot minus,Spikes appearing,One fourth of spikes appeared,Late anthesis,L68,line,1,0,1,0,4.1
4,Tilottama,5,1,17,2,2.5949153701898497,16.347864825059215,37.8067116063954,27.7501299297328,28,5,7.82,6.93,5.24,111.998050830706,85.0634547116741,94,53.1666666575,6.050000000000001,40.2,19.5,61,72,Spikes appearing,Half spikes appeared minus,Spikes have fully emerged plus,Anthesis stage II,Anthesis stage IV,,check,4,0,1,0,1,5.1
L81,PRL/2*PASTOR//SUNSTATE/3/GRACK,5,1,18,2,1.04559175647905,16.6749979808635,33.5141009088442,24.311156419087,24,4,7.97,3.35,0.75,81.8801335048357,34.3099909790878,104,38.981249999999996,8.8125,38.7,34.93333333,75,86,Before booting,Before booting,Before booting,Before booting,Awns appearing,Late anthesis,L81,line,1,0,1,0,5.1
L2,KACHU #1,5,1,19,2,3.26796347001427,15.689290275957465,41.7549608999517,29.2510730130347,39,7,7.77,7.48,4.43,110.466671120173,86.4812177849832,91,40.1033333409,9.625,42.35,37.43333333,71,80,Booting,Swollen boot minus,Awns appearing,Spikes appearing plus,Three fourth of spikes appeared,Late anthesis,L2,line,1,0,1,0,5.1
3,Gautam,5,1,20,2,3.6696123868175397,17.516345208715954,41.3099638033114,28.0849617486149,29,2,8.11,8.03,6.5,122.496881783236,113.996345483507,100,31,10.254166669999998,45.16666667,40.8,70,78,Booting,Swollen boot plus,Spikes appearing,Half spikes appeared,Anthesis stage I,,check,3,0,1,0,1,5.1
L26,NING-MAI-96035/FINSI//HEILO/3/NAVJ07,5,1,20,1,,,,,26,7,7.6,6.61,3.61,107.545388545949,73.1919467286988,101,31.038125,9.975000000000001,46.525,40.3,68,78,Swollen boot,Spikes appearing minus,Spikes appearing plus,Half spikes appeared,Anthesis stage I plus,Milky stage,L26,line,1,0,1,0,5.1
1,Aditya,5,1,19,1,2.40042357829039,15.995586062248192,37.6759644032,27.7243623851401,18,4,8.01,7.88,5.59,118.684005194318,88.3820246572095,101,50.666666673,9.849999999999998,48.86666667,37.65,68,78,Swollen boot,Swollen boot,Spikes appearing,Half spikes appeared,Spikes have fully emerged plus,,check,1,0,1,0,1,5.1
3,Gautam,5,1,18,1,3.25548745985399,17.716269951582998,36.0908855040653,26.187272673723,26,3,8.09,7.88,6.75,107.219297978362,91.2029041965464,108,50.23222222581111,9.43333333,43.26666667,38.7,70,78,Swollen boot minus,Swollen boot minus,Awns appearing plus,One fourth of spikes appeared,Spikes have fully emerged minus,,check,3,0,1,0,1,5.1
L86,MUNAL #1*2/4/HUW234+LR34/PRINIA//PBW343*2/...,5,1,17,1,4.146378812199,15.652974968023129,41.5952554716785,25.9829107223151,26,7,7.79,5.66,4.09,104.496879051528,92.1898612257434,92.5,27.6,9.925,41.425,25.3,67,78,Awns appearing,Spikes appearing,Spikes appearing plus,Three fourth of spikes appeared,Spikes have fully emerged plus,Watery stage minus,L86,line,1,0,1,0,5.1
2,Bhrikuti,4,1,16,1,3.1151081640602998,15.084325848180713,37.1813783956316,25.0042397601795,27,6,8.45,6.21,5.66,109.190756895074,91.9114172324327,89.5,32.14888888701111,9.5,44.26666667,36.5,66,73,Swollen boot,One fourth of spikes appeared,Half spikes appeared plus,Anthesis stage I,Anthesis stage IV,,check,2,0,1,0,1,4.1
L22,BETTY/3/CHEN/AE.SQ//2*OPATA/4/BAVIS,4,1,15,1,3.20109230524647,18.01086534944372,41.5112531723123,24.742281706632,29,7,8.13,4.77,4.49,103.750755647425,58.2254944519353,101.5,36.53125,9.499999999999897,42.1,34.4,70,78,Booting,Swollen boot minus,Spikes appearing minus,One fourth of spikes appeared,Three fourth of spikes appeared,Milky stage,L22,line,1,0,1,0,4.1
4,Tilottama,4,1,14,1,3.23638402341912,16.45916486678371,28.1365473226255,26.9652990845855,28,6,7.99,6.93,5.04,109.966750125835,91.9462684738139,99,36.973125,9.899999999999999,47.23333333,36.9,63,72,Spikes appearing,One fourth of spikes appeared,Three fourth of spikes appeared,Anthesis stage II,Anthesis stage IV minus,,check,4,0,1,0,1,4.1
L54,MUNAL #1/2*FRNCLN,4,1,13,1,2.89089158516523,17.523955619176608,36.8942643975076,29.1821801416102,34,4,7.9,5.57,5.04,100.171886175939,67.4831972657847,91.5,31.399999995,9.5333333333333,50.05,38.3,75,85,Before booting,Before booting,Before booting,Booting,Swollen boot,Watery stage minus,L54,line,1,0,1,0,4.1
L60,LERKE/5/KAUZ/3/MYNA/VUL//BUC/FLK/4/MILAN/6/...,3,1,12,1,2.17480570413644,16.508052688768583,54.5061391916372,25.1171671825248,24,5,8.13,5.66,4.89,93.4273555505515,95.8631725672468,99,51.328125,8.966666666666601,48.8,35.93333333,75,85,Before booting,Before booting,Before booting,Booting,Booting plus,Late anthesis,L60,line,1,0,1,0,3.1
L55,MUNAL #1*2//WHEAR/SOKOLL,3,1,11,1,2.71947185498764,13.875990508325017,45.8467582771992,24.9144875120017,31,3,8.14,3.99,3.53,88.1691548416708,51.7409150751188,94,38.323750000000004,9.825,42.65,29.7,74,84,Before booting,Before booting,Booting,Swollen boot,Swollen boot plus,Late anthesis,L55,line,1,0,1,0,3.1
4,Tilottama,3,1,10,1,4.2847465900256,16.338200603173142,33.3550751198,28.9277855385124,46,4,8.27,6.53,6.49,117.741006137507,84.7942302142704,101,31.632222221211112,9.1000000033333,47.56666667,25.95,66,73,Awns appearing,Spikes appearing plus,Half spikes appeared minus,Anthesis stage I,Anthesis stage II,,check,4,0,1,0,1,3.1
2,Bhrikuti,3,1,9,1,3.42901288637629,17.636444372272734,32.3268327348077,25.732540695068,29,2,8.2,7.56,6.4,106.007301786649,89.0056691722235,105,42.1199999919,9.1666666666666,42.96666667,36.2,67,78,Swollen boot,Spikes appearing,One fourth of spikes appeared minus,Three fourth of spikes appeared,Anthesis stage II minus,,check,2,0,1,0,1,3.1
L56,MUNAL #1*2/KINGBIRD #1,2,1,8,1,4.39140797318838,14.522950604987674,46.4806705553457,27.9903563516027,32,6,8.25,4.06,3.76,96.4184327402047,53.1349772157801,93,29.058749999999996,10.649999999999999,47.35,43.5,73,80,Before booting,Booting,Swollen boot minus,Spikes appearing,Half spikes appeared,Watery stage,L56,line,1,0,1,0,2.1
L1,MUNAL #1,2,1,7,1,4.07070011057605,16.6484982727997,35.8648636386897,28.8258176534435,27,4,8.13,5.63,5.42,111.314231134253,68.272357707656,107.5,41.51875,11.275000000000002,48.3,43.76666667,74,85,Before booting,Before booting,Booting,Booting,Spikes appearing minus,Late anthesis,L1,line,1,0,1,0,2.1
1,Aditya,2,1,6,1,3.5565788115251404,16.046113387665276,33.23616634,27.5342609856075,33,3,8.44,6.85,6.62,106.932438930033,91.1420181400676,108,28.500000005700006,8.80833333,46.56666667,41.3,67,77,Swollen boot,Swollen boot plus,One fourth of spikes appeared minus,Three fourth of spikes appeared plus,Anthesis stage II minus,,check,1,0,1,0,1,2.1
4,Tilottama,2,1,5,1,3.10995257529051,15.495815045597043,36.8670674788424,27.0921645788849,30,3,7.97,6.21,4.54,114.12229592235,72.4249104306239,99,41.1666666749,8.7,43.36666667,25.6,63,73,Spikes appearing,One fourth of spikes appeared,Three fourth of spikes appeared,Anthesis stage I,Anthesis stage III,,check,4,0,1,0,1,2.1
1,Aditya,1,1,4,1,2.39134697454551,13.374372247116064,38.0544514051189,29.091896549368,20,4,8.28,8.15,6.71,112.515612609449,100.054123630709,95,33.300000000000004,7.55833333,46.53333333,30.7,67,78,Swollen boot,Awns appearing plus,One fourth of spikes appeared minus,Three fourth of spikes appeared,Anthesis stage I,,check,1,0,1,0,1,1.1
3,Gautam,1,1,3,1,3.8895634469914198,19.210878899263378,35.1479887972029,28.2355728418741,29,4,8.16,7.65,6.18,123.052093613335,102.648329620807,102,33.500000006700006,8.283333329999998,47.66666667,35.7,66,72,Awns appearing,Awns appearing plus,One fourth of spikes appeared,Anthesis stage II,Anthesis stage III,,check,3,0,1,0,1,1.1
2,Bhrikuti,1,1,2,1,3.3678754092948298,19.30040119392514,35.9116238322345,27.3675404500693,29,3,8.47,6.45,6.38,111.064063170923,96.2561444271814,92,30.002222220811113,8.341666670000002,46.5,37.4,64,72,Spikes appearing,Spikes appearing plus,Half spikes appeared,Anthesis stage II,Anthesis stage IV plus,,check,2,0,1,0,1,1.1
L20,WBLL1*2/BRAMBLING/5/BABAX/LR42//BABAX*2/4/...,1,1,1,1,,,,,26,6,8.59,5.77,5.56,112.879796512153,78.6462427906503,93,35.803125,7.949999999999999,44.625,32.93333333,70,78,Booting,Swollen boot minus,Awns appearing plus,One fourth of spikes appeared minus,Spikes have fully emerged minus,Watery stage plus,L20,line,1,0,1,0,1.1
